route,time,duration_minutes
Home_to_Work,2025-03-17 06:00,53.46666666666667
Work_to_Gym,2025-03-17 06:00,59.6
Home_to_Gym,2025-03-17 06:00,7.266666666666667
Work_to_Home,2025-03-17 06:00,53.2
Gym_to_Home,2025-03-17 06:00,10.25
Home_to_Work,2025-03-17 06:15,53.46666666666667
Work_to_Gym,2025-03-17 06:15,59.75
Home_to_Gym,2025-03-17 06:15,7.25
Work_to_Home,2025-03-17 06:15,53.23333333333333
Gym_to_Home,2025-03-17 06:15,10.283333333333331
Home_to_Work,2025-03-17 06:30,53.63333333333333
Work_to_Gym,2025-03-17 06:30,59.81666666666667
Home_to_Gym,2025-03-17 06:30,7.25
Work_to_Home,2025-03-17 06:30,53.28333333333333
Gym_to_Home,2025-03-17 06:30,10.283333333333331
Home_to_Work,2025-03-17 06:45,53.66666666666666
Work_to_Gym,2025-03-17 06:45,59.98333333333333
Home_to_Gym,2025-03-17 06:45,7.25
Work_to_Home,2025-03-17 06:45,53.31666666666667
Gym_to_Home,2025-03-17 06:45,10.283333333333331
Home_to_Work,2025-03-17 07:00,53.66666666666666
Work_to_Gym,2025-03-17 07:00,60.11666666666667
Home_to_Gym,2025-03-17 07:00,7.266666666666667
Work_to_Home,2025-03-17 07:00,53.31666666666667
Gym_to_Home,2025-03-17 07:00,10.283333333333331
Home_to_Work,2025-03-17 07:15,53.73333333333333
Work_to_Gym,2025-03-17 07:15,60.23333333333333
Home_to_Gym,2025-03-17 07:15,7.266666666666667
Work_to_Home,2025-03-17 07:15,53.43333333333333
Gym_to_Home,2025-03-17 07:15,10.3
Home_to_Work,2025-03-17 07:30,53.75
Work_to_Gym,2025-03-17 07:30,60.41666666666666
Home_to_Gym,2025-03-17 07:30,7.266666666666667
Work_to_Home,2025-03-17 07:30,53.46666666666667
Gym_to_Home,2025-03-17 07:30,10.3
Home_to_Work,2025-03-17 07:45,53.833333333333336
Work_to_Gym,2025-03-17 07:45,60.53333333333333
Home_to_Gym,2025-03-17 07:45,7.266666666666667
Work_to_Home,2025-03-17 07:45,53.45
Gym_to_Home,2025-03-17 07:45,10.3
Home_to_Work,2025-03-17 08:00,53.88333333333333
Work_to_Gym,2025-03-17 08:00,60.65
Home_to_Gym,2025-03-17 08:00,7.266666666666667
Work_to_Home,2025-03-17 08:00,53.46666666666667
Gym_to_Home,2025-03-17 08:00,10.3
Home_to_Work,2025-03-17 08:15,53.88333333333333
Work_to_Gym,2025-03-17 08:15,60.81666666666667
Home_to_Gym,2025-03-17 08:15,7.266666666666667
Work_to_Home,2025-03-17 08:15,53.48333333333333
Gym_to_Home,2025-03-17 08:15,10.3
Home_to_Work,2025-03-17 08:30,53.95
Work_to_Gym,2025-03-17 08:30,60.85
Home_to_Gym,2025-03-17 08:30,7.25
Work_to_Home,2025-03-17 08:30,53.53333333333333
Gym_to_Home,2025-03-17 08:30,10.3
Home_to_Work,2025-03-17 08:45,53.95
Work_to_Gym,2025-03-17 08:45,60.9
Home_to_Gym,2025-03-17 08:45,7.25
Work_to_Home,2025-03-17 08:45,53.65
Gym_to_Home,2025-03-17 08:45,10.3
Home_to_Work,2025-03-17 09:00,53.81666666666667
Work_to_Gym,2025-03-17 09:00,60.91666666666666
Home_to_Gym,2025-03-17 09:00,7.25
Work_to_Home,2025-03-17 09:00,53.65
Gym_to_Home,2025-03-17 09:00,10.316666666666666
Home_to_Work,2025-03-17 09:15,53.766666666666666
Work_to_Gym,2025-03-17 09:15,60.93333333333333
Home_to_Gym,2025-03-17 09:15,7.25
Work_to_Home,2025-03-17 09:15,53.63333333333333
Gym_to_Home,2025-03-17 09:15,10.3
Home_to_Work,2025-03-17 09:30,53.61666666666667
Work_to_Gym,2025-03-17 09:30,60.833333333333336
Home_to_Gym,2025-03-17 09:30,7.233333333333333
Work_to_Home,2025-03-17 09:30,53.66666666666666
Gym_to_Home,2025-03-17 09:30,10.283333333333331
Home_to_Work,2025-03-17 09:45,53.6
Work_to_Gym,2025-03-17 09:45,60.81666666666667
Home_to_Gym,2025-03-17 09:45,7.233333333333333
Work_to_Home,2025-03-17 09:45,53.61666666666667
Gym_to_Home,2025-03-17 09:45,10.266666666666667
Home_to_Work,2025-03-17 10:00,53.583333333333336
Work_to_Gym,2025-03-17 10:00,60.8
Home_to_Gym,2025-03-17 10:00,7.233333333333333
Work_to_Home,2025-03-17 10:00,53.56666666666667
Gym_to_Home,2025-03-17 10:00,10.25
Home_to_Work,2025-03-17 10:15,53.46666666666667
Work_to_Gym,2025-03-17 10:15,60.73333333333333
Home_to_Gym,2025-03-17 10:15,7.233333333333333
Work_to_Home,2025-03-17 10:15,53.41666666666666
Gym_to_Home,2025-03-17 10:15,10.25
Home_to_Work,2025-03-17 10:30,53.41666666666666
Work_to_Gym,2025-03-17 10:30,60.6
Home_to_Gym,2025-03-17 10:30,7.233333333333333
Work_to_Home,2025-03-17 10:30,53.4
Gym_to_Home,2025-03-17 10:30,10.266666666666667
Home_to_Work,2025-03-17 10:45,53.36666666666667
Work_to_Gym,2025-03-17 10:45,60.65
Home_to_Gym,2025-03-17 10:45,7.2
Work_to_Home,2025-03-17 10:45,53.43333333333333
Gym_to_Home,2025-03-17 10:45,10.233333333333333
Home_to_Work,2025-03-17 11:00,53.333333333333336
Work_to_Gym,2025-03-17 11:00,60.63333333333333
Home_to_Gym,2025-03-17 11:00,7.183333333333334
Work_to_Home,2025-03-17 11:00,53.266666666666666
Gym_to_Home,2025-03-17 11:00,10.216666666666669
Home_to_Work,2025-03-17 11:15,53.3
Work_to_Gym,2025-03-17 11:15,60.53333333333333
Home_to_Gym,2025-03-17 11:15,7.183333333333334
Work_to_Home,2025-03-17 11:15,53.28333333333333
Gym_to_Home,2025-03-17 11:15,10.216666666666669
Home_to_Work,2025-03-17 11:30,53.13333333333333
Work_to_Gym,2025-03-17 11:30,60.4
Home_to_Gym,2025-03-17 11:30,7.183333333333334
Work_to_Home,2025-03-17 11:30,53.18333333333333
Gym_to_Home,2025-03-17 11:30,10.216666666666669
Home_to_Work,2025-03-17 11:45,53.083333333333336
Work_to_Gym,2025-03-17 11:45,60.333333333333336
Home_to_Gym,2025-03-17 11:45,7.166666666666667
Work_to_Home,2025-03-17 11:45,53.18333333333333
Gym_to_Home,2025-03-17 11:45,10.216666666666669
Home_to_Work,2025-03-17 12:00,52.96666666666667
Work_to_Gym,2025-03-17 12:00,60.21666666666667
Home_to_Gym,2025-03-17 12:00,7.166666666666667
Work_to_Home,2025-03-17 12:00,53.13333333333333
Gym_to_Home,2025-03-17 12:00,10.216666666666669
Home_to_Work,2025-03-17 12:15,52.78333333333333
Work_to_Gym,2025-03-17 12:15,60.083333333333336
Home_to_Gym,2025-03-17 12:15,7.166666666666667
Work_to_Home,2025-03-17 12:15,53.06666666666667
Gym_to_Home,2025-03-17 12:15,10.2
Home_to_Work,2025-03-17 12:30,52.63333333333333
Work_to_Gym,2025-03-17 12:30,59.98333333333333
Home_to_Gym,2025-03-17 12:30,7.166666666666667
Work_to_Home,2025-03-17 12:30,52.91666666666666
Gym_to_Home,2025-03-17 12:30,10.183333333333334
Home_to_Work,2025-03-17 12:45,52.5
Work_to_Gym,2025-03-17 12:45,59.81666666666667
Home_to_Gym,2025-03-17 12:45,7.166666666666667
Work_to_Home,2025-03-17 12:45,52.66666666666666
Gym_to_Home,2025-03-17 12:45,10.166666666666666
Home_to_Work,2025-03-17 13:00,52.36666666666667
Work_to_Gym,2025-03-17 13:00,59.766666666666666
Home_to_Gym,2025-03-17 13:00,7.166666666666667
Work_to_Home,2025-03-17 13:00,52.45
Gym_to_Home,2025-03-17 13:00,10.15
Home_to_Work,2025-03-17 13:15,52.11666666666667
Work_to_Gym,2025-03-17 13:15,59.583333333333336
Home_to_Gym,2025-03-17 13:15,7.166666666666667
Work_to_Home,2025-03-17 13:15,52.3
Gym_to_Home,2025-03-17 13:15,10.133333333333333
Home_to_Work,2025-03-17 13:30,51.85
Work_to_Gym,2025-03-17 13:30,59.45
Home_to_Gym,2025-03-17 13:30,7.166666666666667
Work_to_Home,2025-03-17 13:30,52.15
Gym_to_Home,2025-03-17 13:30,10.116666666666667
Home_to_Work,2025-03-17 13:45,51.65
Work_to_Gym,2025-03-17 13:45,59.35
Home_to_Gym,2025-03-17 13:45,7.166666666666667
Work_to_Home,2025-03-17 13:45,51.93333333333333
Gym_to_Home,2025-03-17 13:45,10.05
Home_to_Work,2025-03-17 14:00,51.38333333333333
Work_to_Gym,2025-03-17 14:00,59.23333333333333
Home_to_Gym,2025-03-17 14:00,7.166666666666667
Work_to_Home,2025-03-17 14:00,51.8
Gym_to_Home,2025-03-17 14:00,10.016666666666667
Home_to_Work,2025-03-17 14:15,51.13333333333333
Work_to_Gym,2025-03-17 14:15,59.016666666666666
Home_to_Gym,2025-03-17 14:15,7.15
Work_to_Home,2025-03-17 14:15,51.583333333333336
Gym_to_Home,2025-03-17 14:15,10.0
Home_to_Work,2025-03-17 14:30,50.86666666666667
Work_to_Gym,2025-03-17 14:30,58.93333333333333
Home_to_Gym,2025-03-17 14:30,7.15
Work_to_Home,2025-03-17 14:30,51.5
Gym_to_Home,2025-03-17 14:30,9.95
Home_to_Work,2025-03-17 14:45,50.766666666666666
Work_to_Gym,2025-03-17 14:45,58.68333333333333
Home_to_Gym,2025-03-17 14:45,7.15
Work_to_Home,2025-03-17 14:45,51.4
Gym_to_Home,2025-03-17 14:45,9.95
Home_to_Work,2025-03-17 15:00,50.71666666666667
Work_to_Gym,2025-03-17 15:00,58.266666666666666
Home_to_Gym,2025-03-17 15:00,7.15
Work_to_Home,2025-03-17 15:00,51.36666666666667
Gym_to_Home,2025-03-17 15:00,9.95
Home_to_Work,2025-03-17 15:15,50.56666666666667
Work_to_Gym,2025-03-17 15:15,58.13333333333333
Home_to_Gym,2025-03-17 15:15,7.15
Work_to_Home,2025-03-17 15:15,51.2
Gym_to_Home,2025-03-17 15:15,9.933333333333334
Home_to_Work,2025-03-17 15:30,50.38333333333333
Work_to_Gym,2025-03-17 15:30,57.8
Home_to_Gym,2025-03-17 15:30,7.15
Work_to_Home,2025-03-17 15:30,51.1
Gym_to_Home,2025-03-17 15:30,9.9
Home_to_Work,2025-03-17 15:45,50.11666666666667
Work_to_Gym,2025-03-17 15:45,57.4
Home_to_Gym,2025-03-17 15:45,7.083333333333333
Work_to_Home,2025-03-17 15:45,50.86666666666667
Gym_to_Home,2025-03-17 15:45,9.9
Home_to_Work,2025-03-17 16:00,50.0
Work_to_Gym,2025-03-17 16:00,56.71666666666667
Home_to_Gym,2025-03-17 16:00,7.066666666666666
Work_to_Home,2025-03-17 16:00,50.6
Gym_to_Home,2025-03-17 16:00,9.833333333333334
Home_to_Work,2025-03-17 16:15,49.68333333333333
Work_to_Gym,2025-03-17 16:15,55.75
Home_to_Gym,2025-03-17 16:15,7.033333333333333
Work_to_Home,2025-03-17 16:15,50.13333333333333
Gym_to_Home,2025-03-17 16:15,9.783333333333331
Home_to_Work,2025-03-17 16:30,49.333333333333336
Work_to_Gym,2025-03-17 16:30,54.65
Home_to_Gym,2025-03-17 16:30,6.933333333333334
Work_to_Home,2025-03-17 16:30,49.833333333333336
Gym_to_Home,2025-03-17 16:30,9.65
Home_to_Work,2025-03-17 16:45,48.96666666666667
Work_to_Gym,2025-03-17 16:45,52.95
Home_to_Gym,2025-03-17 16:45,6.833333333333333
Work_to_Home,2025-03-17 16:45,48.98333333333333
Gym_to_Home,2025-03-17 16:45,9.466666666666669
Home_to_Work,2025-03-17 17:00,48.35
Work_to_Gym,2025-03-17 17:00,51.38333333333333
Home_to_Gym,2025-03-17 17:00,6.633333333333334
Work_to_Home,2025-03-17 17:00,48.06666666666667
Gym_to_Home,2025-03-17 17:00,9.233333333333333
Home_to_Work,2025-03-17 17:15,47.083333333333336
Work_to_Gym,2025-03-17 17:15,49.55
Home_to_Gym,2025-03-17 17:15,6.416666666666667
Work_to_Home,2025-03-17 17:15,46.766666666666666
Gym_to_Home,2025-03-17 17:15,8.95
Home_to_Work,2025-03-17 17:30,45.98333333333333
Work_to_Gym,2025-03-17 17:30,47.8
Home_to_Gym,2025-03-17 17:30,6.166666666666667
Work_to_Home,2025-03-17 17:30,45.88333333333333
Gym_to_Home,2025-03-17 17:30,8.716666666666667
Home_to_Work,2025-03-17 17:45,45.53333333333333
Work_to_Gym,2025-03-17 17:45,46.766666666666666
Home_to_Gym,2025-03-17 17:45,5.966666666666667
Work_to_Home,2025-03-17 17:45,45.18333333333333
Gym_to_Home,2025-03-17 17:45,8.516666666666667
Home_to_Work,2025-03-17 18:00,45.31666666666667
Work_to_Gym,2025-03-17 18:00,46.083333333333336
Home_to_Gym,2025-03-17 18:00,5.85
Work_to_Home,2025-03-17 18:00,44.98333333333333
Gym_to_Home,2025-03-17 18:00,8.366666666666667
Home_to_Work,2025-03-17 18:15,45.25
Work_to_Gym,2025-03-17 18:15,46.0
Home_to_Gym,2025-03-17 18:15,5.816666666666666
Work_to_Home,2025-03-17 18:15,44.91666666666666
Gym_to_Home,2025-03-17 18:15,8.233333333333333
Home_to_Work,2025-03-17 18:30,45.23333333333333
Work_to_Gym,2025-03-17 18:30,46.0
Home_to_Gym,2025-03-17 18:30,5.766666666666667
Work_to_Home,2025-03-17 18:30,44.91666666666666
Gym_to_Home,2025-03-17 18:30,8.233333333333333
Home_to_Work,2025-03-17 18:45,45.23333333333333
Work_to_Gym,2025-03-17 18:45,46.0
Home_to_Gym,2025-03-17 18:45,5.766666666666667
Work_to_Home,2025-03-17 18:45,44.9
Gym_to_Home,2025-03-17 18:45,8.233333333333333
Home_to_Work,2025-03-17 19:00,45.23333333333333
Work_to_Gym,2025-03-17 19:00,46.0
Home_to_Gym,2025-03-17 19:00,5.766666666666667
Work_to_Home,2025-03-17 19:00,44.91666666666666
Gym_to_Home,2025-03-17 19:00,8.25
Home_to_Work,2025-03-17 19:15,45.23333333333333
Work_to_Gym,2025-03-17 19:15,46.03333333333333
Home_to_Gym,2025-03-17 19:15,5.766666666666667
Work_to_Home,2025-03-17 19:15,44.98333333333333
Gym_to_Home,2025-03-17 19:15,8.25
Home_to_Work,2025-03-17 19:30,45.25
Work_to_Gym,2025-03-17 19:30,46.03333333333333
Home_to_Gym,2025-03-17 19:30,5.766666666666667
Work_to_Home,2025-03-17 19:30,44.98333333333333
Gym_to_Home,2025-03-17 19:30,8.266666666666667
Home_to_Work,2025-03-17 19:45,45.266666666666666
Work_to_Gym,2025-03-17 19:45,46.03333333333333
Home_to_Gym,2025-03-17 19:45,5.783333333333333
Work_to_Home,2025-03-17 19:45,45.0
Gym_to_Home,2025-03-17 19:45,8.283333333333333
Home_to_Work,2025-03-17 20:00,45.3
Work_to_Gym,2025-03-17 20:00,46.03333333333333
Home_to_Gym,2025-03-17 20:00,5.816666666666666
Work_to_Home,2025-03-17 20:00,45.03333333333333
Gym_to_Home,2025-03-17 20:00,8.3
Home_to_Work,2025-03-17 20:15,45.3
Work_to_Gym,2025-03-17 20:15,46.03333333333333
Home_to_Gym,2025-03-17 20:15,5.85
Work_to_Home,2025-03-17 20:15,45.06666666666667
Gym_to_Home,2025-03-17 20:15,8.3
Home_to_Work,2025-03-17 20:30,45.3
Work_to_Gym,2025-03-17 20:30,46.083333333333336
Home_to_Gym,2025-03-17 20:30,5.85
Work_to_Home,2025-03-17 20:30,45.1
Gym_to_Home,2025-03-17 20:30,8.3
Home_to_Work,2025-03-17 20:45,45.31666666666667
Work_to_Gym,2025-03-17 20:45,46.06666666666667
Home_to_Gym,2025-03-17 20:45,5.866666666666666
Work_to_Home,2025-03-17 20:45,45.11666666666667
Gym_to_Home,2025-03-17 20:45,8.316666666666666
Home_to_Work,2025-03-17 21:00,45.35
Work_to_Gym,2025-03-17 21:00,46.083333333333336
Home_to_Gym,2025-03-17 21:00,5.866666666666666
Work_to_Home,2025-03-17 21:00,45.15
Gym_to_Home,2025-03-17 21:00,8.333333333333334
Home_to_Work,2025-03-17 21:15,45.35
Work_to_Gym,2025-03-17 21:15,46.15
Home_to_Gym,2025-03-17 21:15,5.866666666666666
Work_to_Home,2025-03-17 21:15,45.16666666666666
Gym_to_Home,2025-03-17 21:15,8.35
Home_to_Work,2025-03-17 21:30,45.35
Work_to_Gym,2025-03-17 21:30,46.18333333333333
Home_to_Gym,2025-03-17 21:30,5.883333333333334
Work_to_Home,2025-03-17 21:30,45.18333333333333
Gym_to_Home,2025-03-17 21:30,8.366666666666667
Home_to_Work,2025-03-17 21:45,45.41666666666666
Work_to_Gym,2025-03-17 21:45,46.18333333333333
Home_to_Gym,2025-03-17 21:45,5.916666666666667
Work_to_Home,2025-03-17 21:45,45.21666666666667
Gym_to_Home,2025-03-17 21:45,8.383333333333333
Home_to_Work,2025-03-18 06:00,53.81666666666667
Work_to_Gym,2025-03-18 06:00,59.65
Home_to_Gym,2025-03-18 06:00,7.216666666666667
Work_to_Home,2025-03-18 06:00,53.93333333333333
Gym_to_Home,2025-03-18 06:00,10.283333333333331
Home_to_Work,2025-03-18 06:15,53.85
Work_to_Gym,2025-03-18 06:15,59.766666666666666
Home_to_Gym,2025-03-18 06:15,7.216666666666667
Work_to_Home,2025-03-18 06:15,54.03333333333333
Gym_to_Home,2025-03-18 06:15,10.283333333333331
Home_to_Work,2025-03-18 06:30,53.833333333333336
Work_to_Gym,2025-03-18 06:30,59.96666666666667
Home_to_Gym,2025-03-18 06:30,7.233333333333333
Work_to_Home,2025-03-18 06:30,54.06666666666667
Gym_to_Home,2025-03-18 06:30,10.283333333333331
Home_to_Work,2025-03-18 06:45,53.86666666666667
Work_to_Gym,2025-03-18 06:45,60.16666666666666
Home_to_Gym,2025-03-18 06:45,7.233333333333333
Work_to_Home,2025-03-18 06:45,54.1
Gym_to_Home,2025-03-18 06:45,10.283333333333331
Home_to_Work,2025-03-18 07:00,53.86666666666667
Work_to_Gym,2025-03-18 07:00,60.46666666666667
Home_to_Gym,2025-03-18 07:00,7.233333333333333
Work_to_Home,2025-03-18 07:00,54.083333333333336
Gym_to_Home,2025-03-18 07:00,10.283333333333331
Home_to_Work,2025-03-18 07:15,53.85
Work_to_Gym,2025-03-18 07:15,60.6
Home_to_Gym,2025-03-18 07:15,7.25
Work_to_Home,2025-03-18 07:15,54.13333333333333
Gym_to_Home,2025-03-18 07:15,10.333333333333334
Home_to_Work,2025-03-18 07:30,53.88333333333333
Work_to_Gym,2025-03-18 07:30,60.75
Home_to_Gym,2025-03-18 07:30,7.266666666666667
Work_to_Home,2025-03-18 07:30,54.1
Gym_to_Home,2025-03-18 07:30,10.35
Home_to_Work,2025-03-18 07:45,53.88333333333333
Work_to_Gym,2025-03-18 07:45,60.8
Home_to_Gym,2025-03-18 07:45,7.3
Work_to_Home,2025-03-18 07:45,54.06666666666667
Gym_to_Home,2025-03-18 07:45,10.4
Home_to_Work,2025-03-18 08:00,53.88333333333333
Work_to_Gym,2025-03-18 08:00,60.85
Home_to_Gym,2025-03-18 08:00,7.316666666666666
Work_to_Home,2025-03-18 08:00,54.03333333333333
Gym_to_Home,2025-03-18 08:00,10.416666666666666
Home_to_Work,2025-03-18 08:15,53.86666666666667
Work_to_Gym,2025-03-18 08:15,60.93333333333333
Home_to_Gym,2025-03-18 08:15,7.316666666666666
Work_to_Home,2025-03-18 08:15,54.05
Gym_to_Home,2025-03-18 08:15,10.416666666666666
Home_to_Work,2025-03-18 08:30,53.86666666666667
Work_to_Gym,2025-03-18 08:30,60.95
Home_to_Gym,2025-03-18 08:30,7.333333333333333
Work_to_Home,2025-03-18 08:30,54.06666666666667
Gym_to_Home,2025-03-18 08:30,10.433333333333334
Home_to_Work,2025-03-18 08:45,53.833333333333336
Work_to_Gym,2025-03-18 08:45,60.93333333333333
Home_to_Gym,2025-03-18 08:45,7.333333333333333
Work_to_Home,2025-03-18 08:45,54.016666666666666
Gym_to_Home,2025-03-18 08:45,10.433333333333334
Home_to_Work,2025-03-18 09:00,53.833333333333336
Work_to_Gym,2025-03-18 09:00,60.91666666666666
Home_to_Gym,2025-03-18 09:00,7.333333333333333
Work_to_Home,2025-03-18 09:00,53.98333333333333
Gym_to_Home,2025-03-18 09:00,10.416666666666666
Home_to_Work,2025-03-18 09:15,53.75
Work_to_Gym,2025-03-18 09:15,60.86666666666667
Home_to_Gym,2025-03-18 09:15,7.333333333333333
Work_to_Home,2025-03-18 09:15,53.98333333333333
Gym_to_Home,2025-03-18 09:15,10.416666666666666
Home_to_Work,2025-03-18 09:30,53.73333333333333
Work_to_Gym,2025-03-18 09:30,60.833333333333336
Home_to_Gym,2025-03-18 09:30,7.333333333333333
Work_to_Home,2025-03-18 09:30,53.98333333333333
Gym_to_Home,2025-03-18 09:30,10.416666666666666
Home_to_Work,2025-03-18 09:45,53.66666666666666
Work_to_Gym,2025-03-18 09:45,60.75
Home_to_Gym,2025-03-18 09:45,7.35
Work_to_Home,2025-03-18 09:45,53.96666666666667
Gym_to_Home,2025-03-18 09:45,10.416666666666666
Home_to_Work,2025-03-18 10:00,53.61666666666667
Work_to_Gym,2025-03-18 10:00,60.7
Home_to_Gym,2025-03-18 10:00,7.333333333333333
Work_to_Home,2025-03-18 10:00,53.95
Gym_to_Home,2025-03-18 10:00,10.4
Home_to_Work,2025-03-18 10:15,53.53333333333333
Work_to_Gym,2025-03-18 10:15,60.61666666666667
Home_to_Gym,2025-03-18 10:15,7.333333333333333
Work_to_Home,2025-03-18 10:15,53.86666666666667
Gym_to_Home,2025-03-18 10:15,10.383333333333333
Home_to_Work,2025-03-18 10:30,53.38333333333333
Work_to_Gym,2025-03-18 10:30,60.56666666666667
Home_to_Gym,2025-03-18 10:30,7.333333333333333
Work_to_Home,2025-03-18 10:30,53.81666666666667
Gym_to_Home,2025-03-18 10:30,10.383333333333333
Home_to_Work,2025-03-18 10:45,53.3
Work_to_Gym,2025-03-18 10:45,60.48333333333333
Home_to_Gym,2025-03-18 10:45,7.316666666666666
Work_to_Home,2025-03-18 10:45,53.766666666666666
Gym_to_Home,2025-03-18 10:45,10.366666666666667
Home_to_Work,2025-03-18 11:00,53.15
Work_to_Gym,2025-03-18 11:00,60.43333333333333
Home_to_Gym,2025-03-18 11:00,7.316666666666666
Work_to_Home,2025-03-18 11:00,53.66666666666666
Gym_to_Home,2025-03-18 11:00,10.35
Home_to_Work,2025-03-18 11:15,53.03333333333333
Work_to_Gym,2025-03-18 11:15,60.38333333333333
Home_to_Gym,2025-03-18 11:15,7.3
Work_to_Home,2025-03-18 11:15,53.53333333333333
Gym_to_Home,2025-03-18 11:15,10.35
Home_to_Work,2025-03-18 11:30,52.93333333333333
Work_to_Gym,2025-03-18 11:30,60.3
Home_to_Gym,2025-03-18 11:30,7.3
Work_to_Home,2025-03-18 11:30,53.45
Gym_to_Home,2025-03-18 11:30,10.35
Home_to_Work,2025-03-18 11:45,52.85
Work_to_Gym,2025-03-18 11:45,60.3
Home_to_Gym,2025-03-18 11:45,7.3
Work_to_Home,2025-03-18 11:45,53.333333333333336
Gym_to_Home,2025-03-18 11:45,10.35
Home_to_Work,2025-03-18 12:00,52.75
Work_to_Gym,2025-03-18 12:00,60.25
Home_to_Gym,2025-03-18 12:00,7.3
Work_to_Home,2025-03-18 12:00,53.21666666666667
Gym_to_Home,2025-03-18 12:00,10.333333333333334
Home_to_Work,2025-03-18 12:15,52.66666666666666
Work_to_Gym,2025-03-18 12:15,60.18333333333333
Home_to_Gym,2025-03-18 12:15,7.3
Work_to_Home,2025-03-18 12:15,53.06666666666667
Gym_to_Home,2025-03-18 12:15,10.3
Home_to_Work,2025-03-18 12:30,52.55
Work_to_Gym,2025-03-18 12:30,60.11666666666667
Home_to_Gym,2025-03-18 12:30,7.3
Work_to_Home,2025-03-18 12:30,53.0
Gym_to_Home,2025-03-18 12:30,10.3
Home_to_Work,2025-03-18 12:45,52.43333333333333
Work_to_Gym,2025-03-18 12:45,59.96666666666667
Home_to_Gym,2025-03-18 12:45,7.3
Work_to_Home,2025-03-18 12:45,52.85
Gym_to_Home,2025-03-18 12:45,10.283333333333331
Home_to_Work,2025-03-18 13:00,52.36666666666667
Work_to_Gym,2025-03-18 13:00,59.88333333333333
Home_to_Gym,2025-03-18 13:00,7.3
Work_to_Home,2025-03-18 13:00,52.65
Gym_to_Home,2025-03-18 13:00,10.3
Home_to_Work,2025-03-18 13:15,52.11666666666667
Work_to_Gym,2025-03-18 13:15,59.766666666666666
Home_to_Gym,2025-03-18 13:15,7.316666666666666
Work_to_Home,2025-03-18 13:15,52.55
Gym_to_Home,2025-03-18 13:15,10.283333333333331
Home_to_Work,2025-03-18 13:30,51.73333333333333
Work_to_Gym,2025-03-18 13:30,59.7
Home_to_Gym,2025-03-18 13:30,7.316666666666666
Work_to_Home,2025-03-18 13:30,52.4
Gym_to_Home,2025-03-18 13:30,10.283333333333331
Home_to_Work,2025-03-18 13:45,51.31666666666667
Work_to_Gym,2025-03-18 13:45,59.6
Home_to_Gym,2025-03-18 13:45,7.316666666666666
Work_to_Home,2025-03-18 13:45,52.31666666666667
Gym_to_Home,2025-03-18 13:45,10.233333333333333
Home_to_Work,2025-03-18 14:00,51.15
Work_to_Gym,2025-03-18 14:00,59.45
Home_to_Gym,2025-03-18 14:00,7.316666666666666
Work_to_Home,2025-03-18 14:00,52.1
Gym_to_Home,2025-03-18 14:00,10.2
Home_to_Work,2025-03-18 14:15,50.766666666666666
Work_to_Gym,2025-03-18 14:15,59.18333333333333
Home_to_Gym,2025-03-18 14:15,7.316666666666666
Work_to_Home,2025-03-18 14:15,51.8
Gym_to_Home,2025-03-18 14:15,10.15
Home_to_Work,2025-03-18 14:30,50.56666666666667
Work_to_Gym,2025-03-18 14:30,59.0
Home_to_Gym,2025-03-18 14:30,7.316666666666666
Work_to_Home,2025-03-18 14:30,51.516666666666666
Gym_to_Home,2025-03-18 14:30,10.133333333333333
Home_to_Work,2025-03-18 14:45,50.5
Work_to_Gym,2025-03-18 14:45,58.78333333333333
Home_to_Gym,2025-03-18 14:45,7.3
Work_to_Home,2025-03-18 14:45,51.41666666666666
Gym_to_Home,2025-03-18 14:45,10.066666666666666
Home_to_Work,2025-03-18 15:00,50.36666666666667
Work_to_Gym,2025-03-18 15:00,58.4
Home_to_Gym,2025-03-18 15:00,7.3
Work_to_Home,2025-03-18 15:00,51.333333333333336
Gym_to_Home,2025-03-18 15:00,10.033333333333331
Home_to_Work,2025-03-18 15:15,50.28333333333333
Work_to_Gym,2025-03-18 15:15,58.18333333333333
Home_to_Gym,2025-03-18 15:15,7.283333333333333
Work_to_Home,2025-03-18 15:15,51.16666666666666
Gym_to_Home,2025-03-18 15:15,10.0
Home_to_Work,2025-03-18 15:30,50.15
Work_to_Gym,2025-03-18 15:30,57.65
Home_to_Gym,2025-03-18 15:30,7.266666666666667
Work_to_Home,2025-03-18 15:30,50.98333333333333
Gym_to_Home,2025-03-18 15:30,9.95
Home_to_Work,2025-03-18 15:45,49.88333333333333
Work_to_Gym,2025-03-18 15:45,57.23333333333333
Home_to_Gym,2025-03-18 15:45,7.25
Work_to_Home,2025-03-18 15:45,50.81666666666667
Gym_to_Home,2025-03-18 15:45,9.95
Home_to_Work,2025-03-18 16:00,49.5
Work_to_Gym,2025-03-18 16:00,56.66666666666666
Home_to_Gym,2025-03-18 16:00,7.15
Work_to_Home,2025-03-18 16:00,50.46666666666667
Gym_to_Home,2025-03-18 16:00,9.866666666666667
Home_to_Work,2025-03-18 16:15,49.3
Work_to_Gym,2025-03-18 16:15,55.9
Home_to_Gym,2025-03-18 16:15,7.1
Work_to_Home,2025-03-18 16:15,49.833333333333336
Gym_to_Home,2025-03-18 16:15,9.783333333333331
Home_to_Work,2025-03-18 16:30,48.93333333333333
Work_to_Gym,2025-03-18 16:30,54.833333333333336
Home_to_Gym,2025-03-18 16:30,6.983333333333333
Work_to_Home,2025-03-18 16:30,49.333333333333336
Gym_to_Home,2025-03-18 16:30,9.666666666666666
Home_to_Work,2025-03-18 16:45,48.516666666666666
Work_to_Gym,2025-03-18 16:45,53.2
Home_to_Gym,2025-03-18 16:45,6.883333333333334
Work_to_Home,2025-03-18 16:45,48.5
Gym_to_Home,2025-03-18 16:45,9.45
Home_to_Work,2025-03-18 17:00,48.05
Work_to_Gym,2025-03-18 17:00,51.6
Home_to_Gym,2025-03-18 17:00,6.65
Work_to_Home,2025-03-18 17:00,47.78333333333333
Gym_to_Home,2025-03-18 17:00,9.266666666666667
Home_to_Work,2025-03-18 17:15,47.3
Work_to_Gym,2025-03-18 17:15,49.73333333333333
Home_to_Gym,2025-03-18 17:15,6.466666666666667
Work_to_Home,2025-03-18 17:15,46.5
Gym_to_Home,2025-03-18 17:15,9.033333333333331
Home_to_Work,2025-03-18 17:30,46.53333333333333
Work_to_Gym,2025-03-18 17:30,47.81666666666667
Home_to_Gym,2025-03-18 17:30,6.216666666666667
Work_to_Home,2025-03-18 17:30,45.71666666666667
Gym_to_Home,2025-03-18 17:30,8.683333333333334
Home_to_Work,2025-03-18 17:45,45.73333333333333
Work_to_Gym,2025-03-18 17:45,46.78333333333333
Home_to_Gym,2025-03-18 17:45,5.95
Work_to_Home,2025-03-18 17:45,45.18333333333333
Gym_to_Home,2025-03-18 17:45,8.466666666666667
Home_to_Work,2025-03-18 18:00,45.36666666666667
Work_to_Gym,2025-03-18 18:00,46.13333333333333
Home_to_Gym,2025-03-18 18:00,5.85
Work_to_Home,2025-03-18 18:00,44.96666666666667
Gym_to_Home,2025-03-18 18:00,8.366666666666667
Home_to_Work,2025-03-18 18:15,45.28333333333333
Work_to_Gym,2025-03-18 18:15,45.98333333333333
Home_to_Gym,2025-03-18 18:15,5.766666666666667
Work_to_Home,2025-03-18 18:15,44.91666666666666
Gym_to_Home,2025-03-18 18:15,8.233333333333333
Home_to_Work,2025-03-18 18:30,45.28333333333333
Work_to_Gym,2025-03-18 18:30,45.96666666666667
Home_to_Gym,2025-03-18 18:30,5.766666666666667
Work_to_Home,2025-03-18 18:30,44.91666666666666
Gym_to_Home,2025-03-18 18:30,8.233333333333333
Home_to_Work,2025-03-18 18:45,45.28333333333333
Work_to_Gym,2025-03-18 18:45,45.95
Home_to_Gym,2025-03-18 18:45,5.766666666666667
Work_to_Home,2025-03-18 18:45,44.9
Gym_to_Home,2025-03-18 18:45,8.233333333333333
Home_to_Work,2025-03-18 19:00,45.28333333333333
Work_to_Gym,2025-03-18 19:00,45.96666666666667
Home_to_Gym,2025-03-18 19:00,5.75
Work_to_Home,2025-03-18 19:00,44.9
Gym_to_Home,2025-03-18 19:00,8.233333333333333
Home_to_Work,2025-03-18 19:15,45.28333333333333
Work_to_Gym,2025-03-18 19:15,45.96666666666667
Home_to_Gym,2025-03-18 19:15,5.75
Work_to_Home,2025-03-18 19:15,44.93333333333333
Gym_to_Home,2025-03-18 19:15,8.233333333333333
Home_to_Work,2025-03-18 19:30,45.28333333333333
Work_to_Gym,2025-03-18 19:30,45.98333333333333
Home_to_Gym,2025-03-18 19:30,5.75
Work_to_Home,2025-03-18 19:30,44.95
Gym_to_Home,2025-03-18 19:30,8.233333333333333
Home_to_Work,2025-03-18 19:45,45.3
Work_to_Gym,2025-03-18 19:45,46.0
Home_to_Gym,2025-03-18 19:45,5.766666666666667
Work_to_Home,2025-03-18 19:45,44.95
Gym_to_Home,2025-03-18 19:45,8.25
Home_to_Work,2025-03-18 20:00,45.3
Work_to_Gym,2025-03-18 20:00,46.0
Home_to_Gym,2025-03-18 20:00,5.766666666666667
Work_to_Home,2025-03-18 20:00,44.95
Gym_to_Home,2025-03-18 20:00,8.25
Home_to_Work,2025-03-18 20:15,45.3
Work_to_Gym,2025-03-18 20:15,46.0
Home_to_Gym,2025-03-18 20:15,5.766666666666667
Work_to_Home,2025-03-18 20:15,44.95
Gym_to_Home,2025-03-18 20:15,8.25
Home_to_Work,2025-03-18 20:30,45.3
Work_to_Gym,2025-03-18 20:30,46.05
Home_to_Gym,2025-03-18 20:30,5.766666666666667
Work_to_Home,2025-03-18 20:30,44.96666666666667
Gym_to_Home,2025-03-18 20:30,8.25
Home_to_Work,2025-03-18 20:45,45.3
Work_to_Gym,2025-03-18 20:45,46.1
Home_to_Gym,2025-03-18 20:45,5.783333333333333
Work_to_Home,2025-03-18 20:45,44.96666666666667
Gym_to_Home,2025-03-18 20:45,8.25
Home_to_Work,2025-03-18 21:00,45.333333333333336
Work_to_Gym,2025-03-18 21:00,46.1
Home_to_Gym,2025-03-18 21:00,5.783333333333333
Work_to_Home,2025-03-18 21:00,45.016666666666666
Gym_to_Home,2025-03-18 21:00,8.266666666666667
Home_to_Work,2025-03-18 21:15,45.333333333333336
Work_to_Gym,2025-03-18 21:15,46.1
Home_to_Gym,2025-03-18 21:15,5.783333333333333
Work_to_Home,2025-03-18 21:15,45.016666666666666
Gym_to_Home,2025-03-18 21:15,8.266666666666667
Home_to_Work,2025-03-18 21:30,45.35
Work_to_Gym,2025-03-18 21:30,46.11666666666667
Home_to_Gym,2025-03-18 21:30,5.783333333333333
Work_to_Home,2025-03-18 21:30,45.05
Gym_to_Home,2025-03-18 21:30,8.283333333333333
Home_to_Work,2025-03-18 21:45,45.36666666666667
Work_to_Gym,2025-03-18 21:45,46.13333333333333
Home_to_Gym,2025-03-18 21:45,5.8
Work_to_Home,2025-03-18 21:45,45.06666666666667
Gym_to_Home,2025-03-18 21:45,8.283333333333333
Home_to_Work,2025-03-19 06:00,54.016666666666666
Work_to_Gym,2025-03-19 06:00,59.93333333333333
Home_to_Gym,2025-03-19 06:00,7.45
Work_to_Home,2025-03-19 06:00,54.36666666666667
Gym_to_Home,2025-03-19 06:00,10.516666666666667
Home_to_Work,2025-03-19 06:15,54.16666666666666
Work_to_Gym,2025-03-19 06:15,60.13333333333333
Home_to_Gym,2025-03-19 06:15,7.45
Work_to_Home,2025-03-19 06:15,54.41666666666666
Gym_to_Home,2025-03-19 06:15,10.516666666666667
Home_to_Work,2025-03-19 06:30,54.3
Work_to_Gym,2025-03-19 06:30,60.266666666666666
Home_to_Gym,2025-03-19 06:30,7.45
Work_to_Home,2025-03-19 06:30,54.41666666666666
Gym_to_Home,2025-03-19 06:30,10.533333333333331
Home_to_Work,2025-03-19 06:45,54.3
Work_to_Gym,2025-03-19 06:45,60.4
Home_to_Gym,2025-03-19 06:45,7.45
Work_to_Home,2025-03-19 06:45,54.35
Gym_to_Home,2025-03-19 06:45,10.533333333333331
Home_to_Work,2025-03-19 07:00,54.266666666666666
Work_to_Gym,2025-03-19 07:00,60.65
Home_to_Gym,2025-03-19 07:00,7.45
Work_to_Home,2025-03-19 07:00,54.35
Gym_to_Home,2025-03-19 07:00,10.533333333333331
Home_to_Work,2025-03-19 07:15,54.3
Work_to_Gym,2025-03-19 07:15,60.78333333333333
Home_to_Gym,2025-03-19 07:15,7.45
Work_to_Home,2025-03-19 07:15,54.38333333333333
Gym_to_Home,2025-03-19 07:15,10.533333333333331
Home_to_Work,2025-03-19 07:30,54.36666666666667
Work_to_Gym,2025-03-19 07:30,60.81666666666667
Home_to_Gym,2025-03-19 07:30,7.45
Work_to_Home,2025-03-19 07:30,54.38333333333333
Gym_to_Home,2025-03-19 07:30,10.55
Home_to_Work,2025-03-19 07:45,54.4
Work_to_Gym,2025-03-19 07:45,61.05
Home_to_Gym,2025-03-19 07:45,7.45
Work_to_Home,2025-03-19 07:45,54.31666666666667
Gym_to_Home,2025-03-19 07:45,10.55
Home_to_Work,2025-03-19 08:00,54.41666666666666
Work_to_Gym,2025-03-19 08:00,61.23333333333333
Home_to_Gym,2025-03-19 08:00,7.45
Work_to_Home,2025-03-19 08:00,54.35
Gym_to_Home,2025-03-19 08:00,10.566666666666666
Home_to_Work,2025-03-19 08:15,54.31666666666667
Work_to_Gym,2025-03-19 08:15,61.31666666666667
Home_to_Gym,2025-03-19 08:15,7.45
Work_to_Home,2025-03-19 08:15,54.35
Gym_to_Home,2025-03-19 08:15,10.566666666666666
Home_to_Work,2025-03-19 08:30,54.28333333333333
Work_to_Gym,2025-03-19 08:30,61.5
Home_to_Gym,2025-03-19 08:30,7.45
Work_to_Home,2025-03-19 08:30,54.28333333333333
Gym_to_Home,2025-03-19 08:30,10.583333333333334
Home_to_Work,2025-03-19 08:45,54.23333333333333
Work_to_Gym,2025-03-19 08:45,61.43333333333333
Home_to_Gym,2025-03-19 08:45,7.45
Work_to_Home,2025-03-19 08:45,54.21666666666667
Gym_to_Home,2025-03-19 08:45,10.583333333333334
Home_to_Work,2025-03-19 09:00,54.16666666666666
Work_to_Gym,2025-03-19 09:00,61.4
Home_to_Gym,2025-03-19 09:00,7.45
Work_to_Home,2025-03-19 09:00,54.25
Gym_to_Home,2025-03-19 09:00,10.583333333333334
Home_to_Work,2025-03-19 09:15,54.18333333333333
Work_to_Gym,2025-03-19 09:15,61.25
Home_to_Gym,2025-03-19 09:15,7.433333333333334
Work_to_Home,2025-03-19 09:15,54.16666666666666
Gym_to_Home,2025-03-19 09:15,10.533333333333331
Home_to_Work,2025-03-19 09:30,54.1
Work_to_Gym,2025-03-19 09:30,61.16666666666666
Home_to_Gym,2025-03-19 09:30,7.433333333333334
Work_to_Home,2025-03-19 09:30,54.05
Gym_to_Home,2025-03-19 09:30,10.533333333333331
Home_to_Work,2025-03-19 09:45,54.03333333333333
Work_to_Gym,2025-03-19 09:45,61.13333333333333
Home_to_Gym,2025-03-19 09:45,7.433333333333334
Work_to_Home,2025-03-19 09:45,54.0
Gym_to_Home,2025-03-19 09:45,10.516666666666667
Home_to_Work,2025-03-19 10:00,54.016666666666666
Work_to_Gym,2025-03-19 10:00,61.1
Home_to_Gym,2025-03-19 10:00,7.416666666666667
Work_to_Home,2025-03-19 10:00,53.93333333333333
Gym_to_Home,2025-03-19 10:00,10.5
Home_to_Work,2025-03-19 10:15,53.98333333333333
Work_to_Gym,2025-03-19 10:15,61.016666666666666
Home_to_Gym,2025-03-19 10:15,7.416666666666667
Work_to_Home,2025-03-19 10:15,53.9
Gym_to_Home,2025-03-19 10:15,10.516666666666667
Home_to_Work,2025-03-19 10:30,54.0
Work_to_Gym,2025-03-19 10:30,61.0
Home_to_Gym,2025-03-19 10:30,7.433333333333334
Work_to_Home,2025-03-19 10:30,53.85
Gym_to_Home,2025-03-19 10:30,10.516666666666667
Home_to_Work,2025-03-19 10:45,53.95
Work_to_Gym,2025-03-19 10:45,60.95
Home_to_Gym,2025-03-19 10:45,7.416666666666667
Work_to_Home,2025-03-19 10:45,53.8
Gym_to_Home,2025-03-19 10:45,10.5
Home_to_Work,2025-03-19 11:00,53.9
Work_to_Gym,2025-03-19 11:00,60.95
Home_to_Gym,2025-03-19 11:00,7.4
Work_to_Home,2025-03-19 11:00,53.78333333333333
Gym_to_Home,2025-03-19 11:00,10.5
Home_to_Work,2025-03-19 11:15,53.88333333333333
Work_to_Gym,2025-03-19 11:15,60.86666666666667
Home_to_Gym,2025-03-19 11:15,7.383333333333334
Work_to_Home,2025-03-19 11:15,53.75
Gym_to_Home,2025-03-19 11:15,10.483333333333333
Home_to_Work,2025-03-19 11:30,53.75
Work_to_Gym,2025-03-19 11:30,60.833333333333336
Home_to_Gym,2025-03-19 11:30,7.4
Work_to_Home,2025-03-19 11:30,53.7
Gym_to_Home,2025-03-19 11:30,10.483333333333333
Home_to_Work,2025-03-19 11:45,53.71666666666667
Work_to_Gym,2025-03-19 11:45,60.81666666666667
Home_to_Gym,2025-03-19 11:45,7.4
Work_to_Home,2025-03-19 11:45,53.7
Gym_to_Home,2025-03-19 11:45,10.466666666666669
Home_to_Work,2025-03-19 12:00,53.65
Work_to_Gym,2025-03-19 12:00,60.7
Home_to_Gym,2025-03-19 12:00,7.4
Work_to_Home,2025-03-19 12:00,53.66666666666666
Gym_to_Home,2025-03-19 12:00,10.466666666666669
Home_to_Work,2025-03-19 12:15,53.63333333333333
Work_to_Gym,2025-03-19 12:15,60.55
Home_to_Gym,2025-03-19 12:15,7.4
Work_to_Home,2025-03-19 12:15,53.5
Gym_to_Home,2025-03-19 12:15,10.433333333333334
Home_to_Work,2025-03-19 12:30,53.55
Work_to_Gym,2025-03-19 12:30,60.48333333333333
Home_to_Gym,2025-03-19 12:30,7.4
Work_to_Home,2025-03-19 12:30,53.31666666666667
Gym_to_Home,2025-03-19 12:30,10.416666666666666
Home_to_Work,2025-03-19 12:45,53.5
Work_to_Gym,2025-03-19 12:45,60.41666666666666
Home_to_Gym,2025-03-19 12:45,7.4
Work_to_Home,2025-03-19 12:45,53.25
Gym_to_Home,2025-03-19 12:45,10.4
Home_to_Work,2025-03-19 13:00,53.2
Work_to_Gym,2025-03-19 13:00,60.266666666666666
Home_to_Gym,2025-03-19 13:00,7.4
Work_to_Home,2025-03-19 13:00,53.2
Gym_to_Home,2025-03-19 13:00,10.366666666666667
Home_to_Work,2025-03-19 13:15,52.96666666666667
Work_to_Gym,2025-03-19 13:15,59.96666666666667
Home_to_Gym,2025-03-19 13:15,7.4
Work_to_Home,2025-03-19 13:15,53.13333333333333
Gym_to_Home,2025-03-19 13:15,10.366666666666667
Home_to_Work,2025-03-19 13:30,52.61666666666667
Work_to_Gym,2025-03-19 13:30,59.66666666666666
Home_to_Gym,2025-03-19 13:30,7.366666666666666
Work_to_Home,2025-03-19 13:30,53.016666666666666
Gym_to_Home,2025-03-19 13:30,10.366666666666667
Home_to_Work,2025-03-19 13:45,51.96666666666667
Work_to_Gym,2025-03-19 13:45,59.583333333333336
Home_to_Gym,2025-03-19 13:45,7.35
Work_to_Home,2025-03-19 13:45,52.63333333333333
Gym_to_Home,2025-03-19 13:45,10.366666666666667
Home_to_Work,2025-03-19 14:00,51.766666666666666
Work_to_Gym,2025-03-19 14:00,59.31666666666667
Home_to_Gym,2025-03-19 14:00,7.35
Work_to_Home,2025-03-19 14:00,52.4
Gym_to_Home,2025-03-19 14:00,10.3
Home_to_Work,2025-03-19 14:15,51.35
Work_to_Gym,2025-03-19 14:15,59.2
Home_to_Gym,2025-03-19 14:15,7.333333333333333
Work_to_Home,2025-03-19 14:15,52.21666666666667
Gym_to_Home,2025-03-19 14:15,10.2
Home_to_Work,2025-03-19 14:30,51.21666666666667
Work_to_Gym,2025-03-19 14:30,59.05
Home_to_Gym,2025-03-19 14:30,7.333333333333333
Work_to_Home,2025-03-19 14:30,51.516666666666666
Gym_to_Home,2025-03-19 14:30,10.15
Home_to_Work,2025-03-19 14:45,51.11666666666667
Work_to_Gym,2025-03-19 14:45,58.8
Home_to_Gym,2025-03-19 14:45,7.316666666666666
Work_to_Home,2025-03-19 14:45,51.45
Gym_to_Home,2025-03-19 14:45,10.1
Home_to_Work,2025-03-19 15:00,51.03333333333333
Work_to_Gym,2025-03-19 15:00,58.55
Home_to_Gym,2025-03-19 15:00,7.316666666666666
Work_to_Home,2025-03-19 15:00,51.38333333333333
Gym_to_Home,2025-03-19 15:00,10.066666666666666
Home_to_Work,2025-03-19 15:15,50.86666666666667
Work_to_Gym,2025-03-19 15:15,58.28333333333333
Home_to_Gym,2025-03-19 15:15,7.316666666666666
Work_to_Home,2025-03-19 15:15,51.23333333333333
Gym_to_Home,2025-03-19 15:15,10.05
Home_to_Work,2025-03-19 15:30,50.75
Work_to_Gym,2025-03-19 15:30,57.95
Home_to_Gym,2025-03-19 15:30,7.316666666666666
Work_to_Home,2025-03-19 15:30,51.13333333333333
Gym_to_Home,2025-03-19 15:30,10.016666666666667
Home_to_Work,2025-03-19 15:45,50.46666666666667
Work_to_Gym,2025-03-19 15:45,57.46666666666667
Home_to_Gym,2025-03-19 15:45,7.2
Work_to_Home,2025-03-19 15:45,50.91666666666666
Gym_to_Home,2025-03-19 15:45,10.016666666666667
Home_to_Work,2025-03-19 16:00,50.11666666666667
Work_to_Gym,2025-03-19 16:00,56.98333333333333
Home_to_Gym,2025-03-19 16:00,7.15
Work_to_Home,2025-03-19 16:00,50.6
Gym_to_Home,2025-03-19 16:00,9.983333333333333
Home_to_Work,2025-03-19 16:15,49.85
Work_to_Gym,2025-03-19 16:15,56.25
Home_to_Gym,2025-03-19 16:15,7.116666666666666
Work_to_Home,2025-03-19 16:15,50.11666666666667
Gym_to_Home,2025-03-19 16:15,9.866666666666667
Home_to_Work,2025-03-19 16:30,49.516666666666666
Work_to_Gym,2025-03-19 16:30,55.11666666666667
Home_to_Gym,2025-03-19 16:30,7.05
Work_to_Home,2025-03-19 16:30,49.6
Gym_to_Home,2025-03-19 16:30,9.766666666666667
Home_to_Work,2025-03-19 16:45,48.9
Work_to_Gym,2025-03-19 16:45,53.66666666666666
Home_to_Gym,2025-03-19 16:45,6.883333333333334
Work_to_Home,2025-03-19 16:45,48.95
Gym_to_Home,2025-03-19 16:45,9.6
Home_to_Work,2025-03-19 17:00,48.35
Work_to_Gym,2025-03-19 17:00,51.73333333333333
Home_to_Gym,2025-03-19 17:00,6.716666666666667
Work_to_Home,2025-03-19 17:00,47.85
Gym_to_Home,2025-03-19 17:00,9.3
Home_to_Work,2025-03-19 17:15,47.38333333333333
Work_to_Gym,2025-03-19 17:15,49.88333333333333
Home_to_Gym,2025-03-19 17:15,6.566666666666666
Work_to_Home,2025-03-19 17:15,46.8
Gym_to_Home,2025-03-19 17:15,9.033333333333331
Home_to_Work,2025-03-19 17:30,46.48333333333333
Work_to_Gym,2025-03-19 17:30,48.06666666666667
Home_to_Gym,2025-03-19 17:30,6.266666666666667
Work_to_Home,2025-03-19 17:30,45.78333333333333
Gym_to_Home,2025-03-19 17:30,8.716666666666667
Home_to_Work,2025-03-19 17:45,45.68333333333333
Work_to_Gym,2025-03-19 17:45,46.81666666666667
Home_to_Gym,2025-03-19 17:45,5.95
Work_to_Home,2025-03-19 17:45,45.23333333333333
Gym_to_Home,2025-03-19 17:45,8.516666666666667
Home_to_Work,2025-03-19 18:00,45.333333333333336
Work_to_Gym,2025-03-19 18:00,46.1
Home_to_Gym,2025-03-19 18:00,5.866666666666666
Work_to_Home,2025-03-19 18:00,44.93333333333333
Gym_to_Home,2025-03-19 18:00,8.316666666666666
Home_to_Work,2025-03-19 18:15,45.23333333333333
Work_to_Gym,2025-03-19 18:15,46.0
Home_to_Gym,2025-03-19 18:15,5.783333333333333
Work_to_Home,2025-03-19 18:15,44.9
Gym_to_Home,2025-03-19 18:15,8.233333333333333
Home_to_Work,2025-03-19 18:30,45.23333333333333
Work_to_Gym,2025-03-19 18:30,46.0
Home_to_Gym,2025-03-19 18:30,5.766666666666667
Work_to_Home,2025-03-19 18:30,44.91666666666666
Gym_to_Home,2025-03-19 18:30,8.233333333333333
Home_to_Work,2025-03-19 18:45,45.25
Work_to_Gym,2025-03-19 18:45,45.98333333333333
Home_to_Gym,2025-03-19 18:45,5.75
Work_to_Home,2025-03-19 18:45,44.91666666666666
Gym_to_Home,2025-03-19 18:45,8.233333333333333
Home_to_Work,2025-03-19 19:00,45.25
Work_to_Gym,2025-03-19 19:00,46.0
Home_to_Gym,2025-03-19 19:00,5.75
Work_to_Home,2025-03-19 19:00,44.95
Gym_to_Home,2025-03-19 19:00,8.233333333333333
Home_to_Work,2025-03-19 19:15,45.25
Work_to_Gym,2025-03-19 19:15,46.016666666666666
Home_to_Gym,2025-03-19 19:15,5.766666666666667
Work_to_Home,2025-03-19 19:15,44.96666666666667
Gym_to_Home,2025-03-19 19:15,8.233333333333333
Home_to_Work,2025-03-19 19:30,45.25
Work_to_Gym,2025-03-19 19:30,46.016666666666666
Home_to_Gym,2025-03-19 19:30,5.766666666666667
Work_to_Home,2025-03-19 19:30,44.98333333333333
Gym_to_Home,2025-03-19 19:30,8.25
Home_to_Work,2025-03-19 19:45,45.266666666666666
Work_to_Gym,2025-03-19 19:45,46.03333333333333
Home_to_Gym,2025-03-19 19:45,5.783333333333333
Work_to_Home,2025-03-19 19:45,45.016666666666666
Gym_to_Home,2025-03-19 19:45,8.25
Home_to_Work,2025-03-19 20:00,45.266666666666666
Work_to_Gym,2025-03-19 20:00,46.03333333333333
Home_to_Gym,2025-03-19 20:00,5.8
Work_to_Home,2025-03-19 20:00,45.016666666666666
Gym_to_Home,2025-03-19 20:00,8.266666666666667
Home_to_Work,2025-03-19 20:15,45.266666666666666
Work_to_Gym,2025-03-19 20:15,46.03333333333333
Home_to_Gym,2025-03-19 20:15,5.8
Work_to_Home,2025-03-19 20:15,45.016666666666666
Gym_to_Home,2025-03-19 20:15,8.3
Home_to_Work,2025-03-19 20:30,45.266666666666666
Work_to_Gym,2025-03-19 20:30,46.05
Home_to_Gym,2025-03-19 20:30,5.8
Work_to_Home,2025-03-19 20:30,45.05
Gym_to_Home,2025-03-19 20:30,8.3
Home_to_Work,2025-03-19 20:45,45.28333333333333
Work_to_Gym,2025-03-19 20:45,46.05
Home_to_Gym,2025-03-19 20:45,5.8
Work_to_Home,2025-03-19 20:45,45.1
Gym_to_Home,2025-03-19 20:45,8.3
Home_to_Work,2025-03-19 21:00,45.333333333333336
Work_to_Gym,2025-03-19 21:00,46.03333333333333
Home_to_Gym,2025-03-19 21:00,5.8
Work_to_Home,2025-03-19 21:00,45.1
Gym_to_Home,2025-03-19 21:00,8.3
Home_to_Work,2025-03-19 21:15,45.333333333333336
Work_to_Gym,2025-03-19 21:15,46.05
Home_to_Gym,2025-03-19 21:15,5.8
Work_to_Home,2025-03-19 21:15,45.1
Gym_to_Home,2025-03-19 21:15,8.316666666666666
Home_to_Work,2025-03-19 21:30,45.333333333333336
Work_to_Gym,2025-03-19 21:30,46.06666666666667
Home_to_Gym,2025-03-19 21:30,5.8
Work_to_Home,2025-03-19 21:30,45.15
Gym_to_Home,2025-03-19 21:30,8.316666666666666
Home_to_Work,2025-03-19 21:45,45.35
Work_to_Gym,2025-03-19 21:45,46.1
Home_to_Gym,2025-03-19 21:45,5.8
Work_to_Home,2025-03-19 21:45,45.15
Gym_to_Home,2025-03-19 21:45,8.316666666666666
Home_to_Work,2025-03-20 06:00,53.98333333333333
Work_to_Gym,2025-03-20 06:00,59.95
Home_to_Gym,2025-03-20 06:00,7.45
Work_to_Home,2025-03-20 06:00,53.7
Gym_to_Home,2025-03-20 06:00,10.65
Home_to_Work,2025-03-20 06:15,54.06666666666667
Work_to_Gym,2025-03-20 06:15,60.083333333333336
Home_to_Gym,2025-03-20 06:15,7.45
Work_to_Home,2025-03-20 06:15,53.75
Gym_to_Home,2025-03-20 06:15,10.65
Home_to_Work,2025-03-20 06:30,54.13333333333333
Work_to_Gym,2025-03-20 06:30,60.23333333333333
Home_to_Gym,2025-03-20 06:30,7.45
Work_to_Home,2025-03-20 06:30,53.766666666666666
Gym_to_Home,2025-03-20 06:30,10.65
Home_to_Work,2025-03-20 06:45,54.13333333333333
Work_to_Gym,2025-03-20 06:45,60.45
Home_to_Gym,2025-03-20 06:45,7.45
Work_to_Home,2025-03-20 06:45,53.833333333333336
Gym_to_Home,2025-03-20 06:45,10.65
Home_to_Work,2025-03-20 07:00,54.11666666666667
Work_to_Gym,2025-03-20 07:00,60.56666666666667
Home_to_Gym,2025-03-20 07:00,7.45
Work_to_Home,2025-03-20 07:00,53.85
Gym_to_Home,2025-03-20 07:00,10.633333333333333
Home_to_Work,2025-03-20 07:15,54.13333333333333
Work_to_Gym,2025-03-20 07:15,60.73333333333333
Home_to_Gym,2025-03-20 07:15,7.45
Work_to_Home,2025-03-20 07:15,53.86666666666667
Gym_to_Home,2025-03-20 07:15,10.65
Home_to_Work,2025-03-20 07:30,54.16666666666666
Work_to_Gym,2025-03-20 07:30,60.96666666666667
Home_to_Gym,2025-03-20 07:30,7.45
Work_to_Home,2025-03-20 07:30,53.86666666666667
Gym_to_Home,2025-03-20 07:30,10.633333333333333
Home_to_Work,2025-03-20 07:45,54.18333333333333
Work_to_Gym,2025-03-20 07:45,61.03333333333333
Home_to_Gym,2025-03-20 07:45,7.45
Work_to_Home,2025-03-20 07:45,53.9
Gym_to_Home,2025-03-20 07:45,10.633333333333333
Home_to_Work,2025-03-20 08:00,54.16666666666666
Work_to_Gym,2025-03-20 08:00,61.06666666666667
Home_to_Gym,2025-03-20 08:00,7.45
Work_to_Home,2025-03-20 08:00,53.88333333333333
Gym_to_Home,2025-03-20 08:00,10.633333333333333
Home_to_Work,2025-03-20 08:15,54.15
Work_to_Gym,2025-03-20 08:15,61.15
Home_to_Gym,2025-03-20 08:15,7.45
Work_to_Home,2025-03-20 08:15,53.85
Gym_to_Home,2025-03-20 08:15,10.633333333333333
Home_to_Work,2025-03-20 08:30,54.15
Work_to_Gym,2025-03-20 08:30,61.15
Home_to_Gym,2025-03-20 08:30,7.433333333333334
Work_to_Home,2025-03-20 08:30,53.8
Gym_to_Home,2025-03-20 08:30,10.616666666666667
Home_to_Work,2025-03-20 08:45,54.05
Work_to_Gym,2025-03-20 08:45,61.15
Home_to_Gym,2025-03-20 08:45,7.433333333333334
Work_to_Home,2025-03-20 08:45,53.8
Gym_to_Home,2025-03-20 08:45,10.583333333333334
Home_to_Work,2025-03-20 09:00,54.016666666666666
Work_to_Gym,2025-03-20 09:00,61.266666666666666
Home_to_Gym,2025-03-20 09:00,7.433333333333334
Work_to_Home,2025-03-20 09:00,53.8
Gym_to_Home,2025-03-20 09:00,10.55
Home_to_Work,2025-03-20 09:15,54.03333333333333
Work_to_Gym,2025-03-20 09:15,61.18333333333333
Home_to_Gym,2025-03-20 09:15,7.433333333333334
Work_to_Home,2025-03-20 09:15,53.78333333333333
Gym_to_Home,2025-03-20 09:15,10.55
Home_to_Work,2025-03-20 09:30,54.03333333333333
Work_to_Gym,2025-03-20 09:30,61.23333333333333
Home_to_Gym,2025-03-20 09:30,7.433333333333334
Work_to_Home,2025-03-20 09:30,53.75
Gym_to_Home,2025-03-20 09:30,10.55
Home_to_Work,2025-03-20 09:45,53.98333333333333
Work_to_Gym,2025-03-20 09:45,61.21666666666667
Home_to_Gym,2025-03-20 09:45,7.433333333333334
Work_to_Home,2025-03-20 09:45,53.68333333333333
Gym_to_Home,2025-03-20 09:45,10.55
Home_to_Work,2025-03-20 10:00,53.93333333333333
Work_to_Gym,2025-03-20 10:00,61.18333333333333
Home_to_Gym,2025-03-20 10:00,7.433333333333334
Work_to_Home,2025-03-20 10:00,53.63333333333333
Gym_to_Home,2025-03-20 10:00,10.516666666666667
Home_to_Work,2025-03-20 10:15,53.81666666666667
Work_to_Gym,2025-03-20 10:15,61.18333333333333
Home_to_Gym,2025-03-20 10:15,7.4
Work_to_Home,2025-03-20 10:15,53.6
Gym_to_Home,2025-03-20 10:15,10.533333333333331
Home_to_Work,2025-03-20 10:30,53.75
Work_to_Gym,2025-03-20 10:30,61.16666666666666
Home_to_Gym,2025-03-20 10:30,7.383333333333334
Work_to_Home,2025-03-20 10:30,53.56666666666667
Gym_to_Home,2025-03-20 10:30,10.533333333333331
Home_to_Work,2025-03-20 10:45,53.7
Work_to_Gym,2025-03-20 10:45,61.11666666666667
Home_to_Gym,2025-03-20 10:45,7.383333333333334
Work_to_Home,2025-03-20 10:45,53.516666666666666
Gym_to_Home,2025-03-20 10:45,10.533333333333331
Home_to_Work,2025-03-20 11:00,53.65
Work_to_Gym,2025-03-20 11:00,61.06666666666667
Home_to_Gym,2025-03-20 11:00,7.383333333333334
Work_to_Home,2025-03-20 11:00,53.36666666666667
Gym_to_Home,2025-03-20 11:00,10.5
Home_to_Work,2025-03-20 11:15,53.583333333333336
Work_to_Gym,2025-03-20 11:15,61.03333333333333
Home_to_Gym,2025-03-20 11:15,7.383333333333334
Work_to_Home,2025-03-20 11:15,53.23333333333333
Gym_to_Home,2025-03-20 11:15,10.483333333333333
Home_to_Work,2025-03-20 11:30,53.53333333333333
Work_to_Gym,2025-03-20 11:30,60.93333333333333
Home_to_Gym,2025-03-20 11:30,7.383333333333334
Work_to_Home,2025-03-20 11:30,53.18333333333333
Gym_to_Home,2025-03-20 11:30,10.483333333333333
Home_to_Work,2025-03-20 11:45,53.45
Work_to_Gym,2025-03-20 11:45,60.88333333333333
Home_to_Gym,2025-03-20 11:45,7.383333333333334
Work_to_Home,2025-03-20 11:45,53.083333333333336
Gym_to_Home,2025-03-20 11:45,10.483333333333333
Home_to_Work,2025-03-20 12:00,53.28333333333333
Work_to_Gym,2025-03-20 12:00,60.75
Home_to_Gym,2025-03-20 12:00,7.383333333333334
Work_to_Home,2025-03-20 12:00,52.98333333333333
Gym_to_Home,2025-03-20 12:00,10.45
Home_to_Work,2025-03-20 12:15,53.13333333333333
Work_to_Gym,2025-03-20 12:15,60.71666666666667
Home_to_Gym,2025-03-20 12:15,7.383333333333334
Work_to_Home,2025-03-20 12:15,52.81666666666667
Gym_to_Home,2025-03-20 12:15,10.45
Home_to_Work,2025-03-20 12:30,52.98333333333333
Work_to_Gym,2025-03-20 12:30,60.56666666666667
Home_to_Gym,2025-03-20 12:30,7.366666666666666
Work_to_Home,2025-03-20 12:30,52.66666666666666
Gym_to_Home,2025-03-20 12:30,10.45
Home_to_Work,2025-03-20 12:45,52.81666666666667
Work_to_Gym,2025-03-20 12:45,60.43333333333333
Home_to_Gym,2025-03-20 12:45,7.366666666666666
Work_to_Home,2025-03-20 12:45,52.53333333333333
Gym_to_Home,2025-03-20 12:45,10.4
Home_to_Work,2025-03-20 13:00,52.7
Work_to_Gym,2025-03-20 13:00,60.23333333333333
Home_to_Gym,2025-03-20 13:00,7.366666666666666
Work_to_Home,2025-03-20 13:00,52.35
Gym_to_Home,2025-03-20 13:00,10.4
Home_to_Work,2025-03-20 13:15,52.516666666666666
Work_to_Gym,2025-03-20 13:15,60.083333333333336
Home_to_Gym,2025-03-20 13:15,7.35
Work_to_Home,2025-03-20 13:15,52.1
Gym_to_Home,2025-03-20 13:15,10.4
Home_to_Work,2025-03-20 13:30,52.28333333333333
Work_to_Gym,2025-03-20 13:30,59.833333333333336
Home_to_Gym,2025-03-20 13:30,7.35
Work_to_Home,2025-03-20 13:30,51.9
Gym_to_Home,2025-03-20 13:30,10.35
Home_to_Work,2025-03-20 13:45,52.11666666666667
Work_to_Gym,2025-03-20 13:45,59.73333333333333
Home_to_Gym,2025-03-20 13:45,7.35
Work_to_Home,2025-03-20 13:45,51.75
Gym_to_Home,2025-03-20 13:45,10.3
Home_to_Work,2025-03-20 14:00,51.73333333333333
Work_to_Gym,2025-03-20 14:00,59.66666666666666
Home_to_Gym,2025-03-20 14:00,7.35
Work_to_Home,2025-03-20 14:00,51.583333333333336
Gym_to_Home,2025-03-20 14:00,10.25
Home_to_Work,2025-03-20 14:15,51.41666666666666
Work_to_Gym,2025-03-20 14:15,59.48333333333333
Home_to_Gym,2025-03-20 14:15,7.35
Work_to_Home,2025-03-20 14:15,51.38333333333333
Gym_to_Home,2025-03-20 14:15,10.2
Home_to_Work,2025-03-20 14:30,51.21666666666667
Work_to_Gym,2025-03-20 14:30,59.2
Home_to_Gym,2025-03-20 14:30,7.35
Work_to_Home,2025-03-20 14:30,51.3
Gym_to_Home,2025-03-20 14:30,10.133333333333333
Home_to_Work,2025-03-20 14:45,51.083333333333336
Work_to_Gym,2025-03-20 14:45,58.98333333333333
Home_to_Gym,2025-03-20 14:45,7.35
Work_to_Home,2025-03-20 14:45,51.25
Gym_to_Home,2025-03-20 14:45,10.116666666666667
Home_to_Work,2025-03-20 15:00,50.96666666666667
Work_to_Gym,2025-03-20 15:00,58.766666666666666
Home_to_Gym,2025-03-20 15:00,7.333333333333333
Work_to_Home,2025-03-20 15:00,51.11666666666667
Gym_to_Home,2025-03-20 15:00,10.05
Home_to_Work,2025-03-20 15:15,50.85
Work_to_Gym,2025-03-20 15:15,58.45
Home_to_Gym,2025-03-20 15:15,7.316666666666666
Work_to_Home,2025-03-20 15:15,51.06666666666667
Gym_to_Home,2025-03-20 15:15,10.033333333333331
Home_to_Work,2025-03-20 15:30,50.63333333333333
Work_to_Gym,2025-03-20 15:30,58.13333333333333
Home_to_Gym,2025-03-20 15:30,7.3
Work_to_Home,2025-03-20 15:30,50.91666666666666
Gym_to_Home,2025-03-20 15:30,10.033333333333331
Home_to_Work,2025-03-20 15:45,50.41666666666666
Work_to_Gym,2025-03-20 15:45,57.65
Home_to_Gym,2025-03-20 15:45,7.3
Work_to_Home,2025-03-20 15:45,50.68333333333333
Gym_to_Home,2025-03-20 15:45,9.983333333333333
Home_to_Work,2025-03-20 16:00,50.18333333333333
Work_to_Gym,2025-03-20 16:00,56.98333333333333
Home_to_Gym,2025-03-20 16:00,7.233333333333333
Work_to_Home,2025-03-20 16:00,50.36666666666667
Gym_to_Home,2025-03-20 16:00,9.966666666666669
Home_to_Work,2025-03-20 16:15,49.9
Work_to_Gym,2025-03-20 16:15,56.266666666666666
Home_to_Gym,2025-03-20 16:15,7.183333333333334
Work_to_Home,2025-03-20 16:15,49.85
Gym_to_Home,2025-03-20 16:15,9.9
Home_to_Work,2025-03-20 16:30,49.4
Work_to_Gym,2025-03-20 16:30,54.81666666666667
Home_to_Gym,2025-03-20 16:30,7.166666666666667
Work_to_Home,2025-03-20 16:30,49.35
Gym_to_Home,2025-03-20 16:30,9.816666666666666
Home_to_Work,2025-03-20 16:45,48.93333333333333
Work_to_Gym,2025-03-20 16:45,53.4
Home_to_Gym,2025-03-20 16:45,6.95
Work_to_Home,2025-03-20 16:45,48.63333333333333
Gym_to_Home,2025-03-20 16:45,9.616666666666667
Home_to_Work,2025-03-20 17:00,48.38333333333333
Work_to_Gym,2025-03-20 17:00,51.75
Home_to_Gym,2025-03-20 17:00,6.733333333333333
Work_to_Home,2025-03-20 17:00,47.61666666666667
Gym_to_Home,2025-03-20 17:00,9.383333333333333
Home_to_Work,2025-03-20 17:15,47.7
Work_to_Gym,2025-03-20 17:15,49.73333333333333
Home_to_Gym,2025-03-20 17:15,6.483333333333333
Work_to_Home,2025-03-20 17:15,46.68333333333333
Gym_to_Home,2025-03-20 17:15,9.1
Home_to_Work,2025-03-20 17:30,46.766666666666666
Work_to_Gym,2025-03-20 17:30,47.85
Home_to_Gym,2025-03-20 17:30,6.3
Work_to_Home,2025-03-20 17:30,45.93333333333333
Gym_to_Home,2025-03-20 17:30,8.75
Home_to_Work,2025-03-20 17:45,45.65
Work_to_Gym,2025-03-20 17:45,46.9
Home_to_Gym,2025-03-20 17:45,6.016666666666667
Work_to_Home,2025-03-20 17:45,45.21666666666667
Gym_to_Home,2025-03-20 17:45,8.516666666666667
Home_to_Work,2025-03-20 18:00,45.3
Work_to_Gym,2025-03-20 18:00,46.2
Home_to_Gym,2025-03-20 18:00,5.85
Work_to_Home,2025-03-20 18:00,44.98333333333333
Gym_to_Home,2025-03-20 18:00,8.333333333333334
Home_to_Work,2025-03-20 18:15,45.28333333333333
Work_to_Gym,2025-03-20 18:15,46.016666666666666
Home_to_Gym,2025-03-20 18:15,5.766666666666667
Work_to_Home,2025-03-20 18:15,44.9
Gym_to_Home,2025-03-20 18:15,8.233333333333333
Home_to_Work,2025-03-20 18:30,45.266666666666666
Work_to_Gym,2025-03-20 18:30,46.016666666666666
Home_to_Gym,2025-03-20 18:30,5.75
Work_to_Home,2025-03-20 18:30,44.9
Gym_to_Home,2025-03-20 18:30,8.233333333333333
Home_to_Work,2025-03-20 18:45,45.266666666666666
Work_to_Gym,2025-03-20 18:45,46.016666666666666
Home_to_Gym,2025-03-20 18:45,5.75
Work_to_Home,2025-03-20 18:45,44.9
Gym_to_Home,2025-03-20 18:45,8.233333333333333
Home_to_Work,2025-03-20 19:00,45.266666666666666
Work_to_Gym,2025-03-20 19:00,46.016666666666666
Home_to_Gym,2025-03-20 19:00,5.75
Work_to_Home,2025-03-20 19:00,44.9
Gym_to_Home,2025-03-20 19:00,8.233333333333333
Home_to_Work,2025-03-20 19:15,45.266666666666666
Work_to_Gym,2025-03-20 19:15,46.03333333333333
Home_to_Gym,2025-03-20 19:15,5.75
Work_to_Home,2025-03-20 19:15,44.93333333333333
Gym_to_Home,2025-03-20 19:15,8.233333333333333
Home_to_Work,2025-03-20 19:30,45.266666666666666
Work_to_Gym,2025-03-20 19:30,46.03333333333333
Home_to_Gym,2025-03-20 19:30,5.75
Work_to_Home,2025-03-20 19:30,44.93333333333333
Gym_to_Home,2025-03-20 19:30,8.233333333333333
Home_to_Work,2025-03-20 19:45,45.28333333333333
Work_to_Gym,2025-03-20 19:45,46.06666666666667
Home_to_Gym,2025-03-20 19:45,5.75
Work_to_Home,2025-03-20 19:45,44.93333333333333
Gym_to_Home,2025-03-20 19:45,8.266666666666667
Home_to_Work,2025-03-20 20:00,45.28333333333333
Work_to_Gym,2025-03-20 20:00,46.083333333333336
Home_to_Gym,2025-03-20 20:00,5.75
Work_to_Home,2025-03-20 20:00,44.95
Gym_to_Home,2025-03-20 20:00,8.266666666666667
Home_to_Work,2025-03-20 20:15,45.31666666666667
Work_to_Gym,2025-03-20 20:15,46.083333333333336
Home_to_Gym,2025-03-20 20:15,5.75
Work_to_Home,2025-03-20 20:15,44.95
Gym_to_Home,2025-03-20 20:15,8.266666666666667
Home_to_Work,2025-03-20 20:30,45.31666666666667
Work_to_Gym,2025-03-20 20:30,46.083333333333336
Home_to_Gym,2025-03-20 20:30,5.75
Work_to_Home,2025-03-20 20:30,44.96666666666667
Gym_to_Home,2025-03-20 20:30,8.266666666666667
Home_to_Work,2025-03-20 20:45,45.31666666666667
Work_to_Gym,2025-03-20 20:45,46.083333333333336
Home_to_Gym,2025-03-20 20:45,5.783333333333333
Work_to_Home,2025-03-20 20:45,44.98333333333333
Gym_to_Home,2025-03-20 20:45,8.266666666666667
Home_to_Work,2025-03-20 21:00,45.36666666666667
Work_to_Gym,2025-03-20 21:00,46.083333333333336
Home_to_Gym,2025-03-20 21:00,5.783333333333333
Work_to_Home,2025-03-20 21:00,44.98333333333333
Gym_to_Home,2025-03-20 21:00,8.266666666666667
Home_to_Work,2025-03-20 21:15,45.35
Work_to_Gym,2025-03-20 21:15,46.083333333333336
Home_to_Gym,2025-03-20 21:15,5.783333333333333
Work_to_Home,2025-03-20 21:15,44.98333333333333
Gym_to_Home,2025-03-20 21:15,8.266666666666667
Home_to_Work,2025-03-20 21:30,45.35
Work_to_Gym,2025-03-20 21:30,46.11666666666667
Home_to_Gym,2025-03-20 21:30,5.783333333333333
Work_to_Home,2025-03-20 21:30,45.0
Gym_to_Home,2025-03-20 21:30,8.266666666666667
Home_to_Work,2025-03-20 21:45,45.35
Work_to_Gym,2025-03-20 21:45,46.15
Home_to_Gym,2025-03-20 21:45,5.8
Work_to_Home,2025-03-20 21:45,45.0
Gym_to_Home,2025-03-20 21:45,8.283333333333333
Home_to_Work,2025-03-21 06:00,54.03333333333333
Work_to_Gym,2025-03-21 06:00,59.96666666666667
Home_to_Gym,2025-03-21 06:00,7.366666666666666
Work_to_Home,2025-03-21 06:00,53.25
Gym_to_Home,2025-03-21 06:00,10.516666666666667
Home_to_Work,2025-03-21 06:15,54.03333333333333
Work_to_Gym,2025-03-21 06:15,60.03333333333333
Home_to_Gym,2025-03-21 06:15,7.366666666666666
Work_to_Home,2025-03-21 06:15,53.28333333333333
Gym_to_Home,2025-03-21 06:15,10.516666666666667
Home_to_Work,2025-03-21 06:30,53.96666666666667
Work_to_Gym,2025-03-21 06:30,60.15
Home_to_Gym,2025-03-21 06:30,7.366666666666666
Work_to_Home,2025-03-21 06:30,53.31666666666667
Gym_to_Home,2025-03-21 06:30,10.516666666666667
Home_to_Work,2025-03-21 06:45,53.96666666666667
Work_to_Gym,2025-03-21 06:45,60.28333333333333
Home_to_Gym,2025-03-21 06:45,7.366666666666666
Work_to_Home,2025-03-21 06:45,53.333333333333336
Gym_to_Home,2025-03-21 06:45,10.516666666666667
Home_to_Work,2025-03-21 07:00,53.98333333333333
Work_to_Gym,2025-03-21 07:00,60.46666666666667
Home_to_Gym,2025-03-21 07:00,7.366666666666666
Work_to_Home,2025-03-21 07:00,53.36666666666667
Gym_to_Home,2025-03-21 07:00,10.55
Home_to_Work,2025-03-21 07:15,53.98333333333333
Work_to_Gym,2025-03-21 07:15,60.583333333333336
Home_to_Gym,2025-03-21 07:15,7.383333333333334
Work_to_Home,2025-03-21 07:15,53.3
Gym_to_Home,2025-03-21 07:15,10.55
Home_to_Work,2025-03-21 07:30,53.96666666666667
Work_to_Gym,2025-03-21 07:30,60.766666666666666
Home_to_Gym,2025-03-21 07:30,7.383333333333334
Work_to_Home,2025-03-21 07:30,53.333333333333336
Gym_to_Home,2025-03-21 07:30,10.533333333333331
Home_to_Work,2025-03-21 07:45,53.93333333333333
Work_to_Gym,2025-03-21 07:45,60.833333333333336
Home_to_Gym,2025-03-21 07:45,7.383333333333334
Work_to_Home,2025-03-21 07:45,53.333333333333336
Gym_to_Home,2025-03-21 07:45,10.533333333333331
Home_to_Work,2025-03-21 08:00,53.88333333333333
Work_to_Gym,2025-03-21 08:00,60.98333333333333
Home_to_Gym,2025-03-21 08:00,7.383333333333334
Work_to_Home,2025-03-21 08:00,53.35
Gym_to_Home,2025-03-21 08:00,10.516666666666667
Home_to_Work,2025-03-21 08:15,53.9
Work_to_Gym,2025-03-21 08:15,61.1
Home_to_Gym,2025-03-21 08:15,7.383333333333334
Work_to_Home,2025-03-21 08:15,53.333333333333336
Gym_to_Home,2025-03-21 08:15,10.533333333333331
Home_to_Work,2025-03-21 08:30,53.86666666666667
Work_to_Gym,2025-03-21 08:30,61.2
Home_to_Gym,2025-03-21 08:30,7.383333333333334
Work_to_Home,2025-03-21 08:30,53.35
Gym_to_Home,2025-03-21 08:30,10.5
Home_to_Work,2025-03-21 08:45,53.86666666666667
Work_to_Gym,2025-03-21 08:45,61.28333333333333
Home_to_Gym,2025-03-21 08:45,7.383333333333334
Work_to_Home,2025-03-21 08:45,53.3
Gym_to_Home,2025-03-21 08:45,10.5
Home_to_Work,2025-03-21 09:00,53.78333333333333
Work_to_Gym,2025-03-21 09:00,61.35
Home_to_Gym,2025-03-21 09:00,7.366666666666666
Work_to_Home,2025-03-21 09:00,53.28333333333333
Gym_to_Home,2025-03-21 09:00,10.5
Home_to_Work,2025-03-21 09:15,53.75
Work_to_Gym,2025-03-21 09:15,61.43333333333333
Home_to_Gym,2025-03-21 09:15,7.366666666666666
Work_to_Home,2025-03-21 09:15,53.266666666666666
Gym_to_Home,2025-03-21 09:15,10.433333333333334
Home_to_Work,2025-03-21 09:30,53.75
Work_to_Gym,2025-03-21 09:30,61.4
Home_to_Gym,2025-03-21 09:30,7.35
Work_to_Home,2025-03-21 09:30,53.18333333333333
Gym_to_Home,2025-03-21 09:30,10.45
Home_to_Work,2025-03-21 09:45,53.73333333333333
Work_to_Gym,2025-03-21 09:45,61.38333333333333
Home_to_Gym,2025-03-21 09:45,7.35
Work_to_Home,2025-03-21 09:45,53.1
Gym_to_Home,2025-03-21 09:45,10.433333333333334
Home_to_Work,2025-03-21 10:00,53.73333333333333
Work_to_Gym,2025-03-21 10:00,61.333333333333336
Home_to_Gym,2025-03-21 10:00,7.316666666666666
Work_to_Home,2025-03-21 10:00,53.1
Gym_to_Home,2025-03-21 10:00,10.416666666666666
Home_to_Work,2025-03-21 10:15,53.7
Work_to_Gym,2025-03-21 10:15,61.38333333333333
Home_to_Gym,2025-03-21 10:15,7.283333333333333
Work_to_Home,2025-03-21 10:15,53.06666666666667
Gym_to_Home,2025-03-21 10:15,10.4
Home_to_Work,2025-03-21 10:30,53.65
Work_to_Gym,2025-03-21 10:30,61.36666666666667
Home_to_Gym,2025-03-21 10:30,7.283333333333333
Work_to_Home,2025-03-21 10:30,53.06666666666667
Gym_to_Home,2025-03-21 10:30,10.4
Home_to_Work,2025-03-21 10:45,53.61666666666667
Work_to_Gym,2025-03-21 10:45,61.41666666666666
Home_to_Gym,2025-03-21 10:45,7.283333333333333
Work_to_Home,2025-03-21 10:45,53.06666666666667
Gym_to_Home,2025-03-21 10:45,10.366666666666667
Home_to_Work,2025-03-21 11:00,53.516666666666666
Work_to_Gym,2025-03-21 11:00,61.35
Home_to_Gym,2025-03-21 11:00,7.283333333333333
Work_to_Home,2025-03-21 11:00,53.05
Gym_to_Home,2025-03-21 11:00,10.366666666666667
Home_to_Work,2025-03-21 11:15,53.5
Work_to_Gym,2025-03-21 11:15,61.38333333333333
Home_to_Gym,2025-03-21 11:15,7.283333333333333
Work_to_Home,2025-03-21 11:15,52.91666666666666
Gym_to_Home,2025-03-21 11:15,10.366666666666667
Home_to_Work,2025-03-21 11:30,53.45
Work_to_Gym,2025-03-21 11:30,61.36666666666667
Home_to_Gym,2025-03-21 11:30,7.266666666666667
Work_to_Home,2025-03-21 11:30,52.833333333333336
Gym_to_Home,2025-03-21 11:30,10.35
Home_to_Work,2025-03-21 11:45,53.4
Work_to_Gym,2025-03-21 11:45,61.35
Home_to_Gym,2025-03-21 11:45,7.266666666666667
Work_to_Home,2025-03-21 11:45,52.81666666666667
Gym_to_Home,2025-03-21 11:45,10.35
Home_to_Work,2025-03-21 12:00,53.35
Work_to_Gym,2025-03-21 12:00,61.266666666666666
Home_to_Gym,2025-03-21 12:00,7.266666666666667
Work_to_Home,2025-03-21 12:00,52.81666666666667
Gym_to_Home,2025-03-21 12:00,10.333333333333334
Home_to_Work,2025-03-21 12:15,53.31666666666667
Work_to_Gym,2025-03-21 12:15,61.13333333333333
Home_to_Gym,2025-03-21 12:15,7.266666666666667
Work_to_Home,2025-03-21 12:15,52.766666666666666
Gym_to_Home,2025-03-21 12:15,10.316666666666666
Home_to_Work,2025-03-21 12:30,53.15
Work_to_Gym,2025-03-21 12:30,61.1
Home_to_Gym,2025-03-21 12:30,7.25
Work_to_Home,2025-03-21 12:30,52.766666666666666
Gym_to_Home,2025-03-21 12:30,10.3
Home_to_Work,2025-03-21 12:45,52.93333333333333
Work_to_Gym,2025-03-21 12:45,60.91666666666666
Home_to_Gym,2025-03-21 12:45,7.25
Work_to_Home,2025-03-21 12:45,52.71666666666667
Gym_to_Home,2025-03-21 12:45,10.283333333333331
Home_to_Work,2025-03-21 13:00,52.65
Work_to_Gym,2025-03-21 13:00,60.78333333333333
Home_to_Gym,2025-03-21 13:00,7.25
Work_to_Home,2025-03-21 13:00,52.7
Gym_to_Home,2025-03-21 13:00,10.25
Home_to_Work,2025-03-21 13:15,52.38333333333333
Work_to_Gym,2025-03-21 13:15,60.65
Home_to_Gym,2025-03-21 13:15,7.233333333333333
Work_to_Home,2025-03-21 13:15,52.36666666666667
Gym_to_Home,2025-03-21 13:15,10.233333333333333
Home_to_Work,2025-03-21 13:30,52.1
Work_to_Gym,2025-03-21 13:30,60.48333333333333
Home_to_Gym,2025-03-21 13:30,7.233333333333333
Work_to_Home,2025-03-21 13:30,52.2
Gym_to_Home,2025-03-21 13:30,10.216666666666669
Home_to_Work,2025-03-21 13:45,51.86666666666667
Work_to_Gym,2025-03-21 13:45,60.266666666666666
Home_to_Gym,2025-03-21 13:45,7.233333333333333
Work_to_Home,2025-03-21 13:45,51.88333333333333
Gym_to_Home,2025-03-21 13:45,10.2
Home_to_Work,2025-03-21 14:00,51.56666666666667
Work_to_Gym,2025-03-21 14:00,60.1
Home_to_Gym,2025-03-21 14:00,7.25
Work_to_Home,2025-03-21 14:00,51.63333333333333
Gym_to_Home,2025-03-21 14:00,10.166666666666666
Home_to_Work,2025-03-21 14:15,51.16666666666666
Work_to_Gym,2025-03-21 14:15,59.93333333333333
Home_to_Gym,2025-03-21 14:15,7.233333333333333
Work_to_Home,2025-03-21 14:15,51.46666666666667
Gym_to_Home,2025-03-21 14:15,10.083333333333334
Home_to_Work,2025-03-21 14:30,51.06666666666667
Work_to_Gym,2025-03-21 14:30,59.7
Home_to_Gym,2025-03-21 14:30,7.233333333333333
Work_to_Home,2025-03-21 14:30,51.38333333333333
Gym_to_Home,2025-03-21 14:30,10.066666666666666
Home_to_Work,2025-03-21 14:45,50.95
Work_to_Gym,2025-03-21 14:45,59.41666666666666
Home_to_Gym,2025-03-21 14:45,7.233333333333333
Work_to_Home,2025-03-21 14:45,51.38333333333333
Gym_to_Home,2025-03-21 14:45,10.05
Home_to_Work,2025-03-21 15:00,50.8
Work_to_Gym,2025-03-21 15:00,59.25
Home_to_Gym,2025-03-21 15:00,7.216666666666667
Work_to_Home,2025-03-21 15:00,51.36666666666667
Gym_to_Home,2025-03-21 15:00,10.033333333333331
Home_to_Work,2025-03-21 15:15,50.7
Work_to_Gym,2025-03-21 15:15,59.05
Home_to_Gym,2025-03-21 15:15,7.2
Work_to_Home,2025-03-21 15:15,51.31666666666667
Gym_to_Home,2025-03-21 15:15,9.983333333333333
Home_to_Work,2025-03-21 15:30,50.55
Work_to_Gym,2025-03-21 15:30,58.7
Home_to_Gym,2025-03-21 15:30,7.183333333333334
Work_to_Home,2025-03-21 15:30,51.1
Gym_to_Home,2025-03-21 15:30,9.983333333333333
Home_to_Work,2025-03-21 15:45,50.43333333333333
Work_to_Gym,2025-03-21 15:45,58.28333333333333
Home_to_Gym,2025-03-21 15:45,7.183333333333334
Work_to_Home,2025-03-21 15:45,50.85
Gym_to_Home,2025-03-21 15:45,9.983333333333333
Home_to_Work,2025-03-21 16:00,50.15
Work_to_Gym,2025-03-21 16:00,57.56666666666667
Home_to_Gym,2025-03-21 16:00,7.15
Work_to_Home,2025-03-21 16:00,50.56666666666667
Gym_to_Home,2025-03-21 16:00,9.966666666666669
Home_to_Work,2025-03-21 16:15,49.86666666666667
Work_to_Gym,2025-03-21 16:15,56.65
Home_to_Gym,2025-03-21 16:15,7.066666666666666
Work_to_Home,2025-03-21 16:15,50.15
Gym_to_Home,2025-03-21 16:15,9.95
Home_to_Work,2025-03-21 16:30,49.333333333333336
Work_to_Gym,2025-03-21 16:30,55.516666666666666
Home_to_Gym,2025-03-21 16:30,7.0
Work_to_Home,2025-03-21 16:30,49.61666666666667
Gym_to_Home,2025-03-21 16:30,9.8
Home_to_Work,2025-03-21 16:45,48.95
Work_to_Gym,2025-03-21 16:45,54.05
Home_to_Gym,2025-03-21 16:45,6.833333333333333
Work_to_Home,2025-03-21 16:45,49.03333333333333
Gym_to_Home,2025-03-21 16:45,9.683333333333334
Home_to_Work,2025-03-21 17:00,48.31666666666667
Work_to_Gym,2025-03-21 17:00,52.25
Home_to_Gym,2025-03-21 17:00,6.733333333333333
Work_to_Home,2025-03-21 17:00,48.2
Gym_to_Home,2025-03-21 17:00,9.383333333333333
Home_to_Work,2025-03-21 17:15,47.48333333333333
Work_to_Gym,2025-03-21 17:15,49.98333333333333
Home_to_Gym,2025-03-21 17:15,6.533333333333333
Work_to_Home,2025-03-21 17:15,46.93333333333333
Gym_to_Home,2025-03-21 17:15,9.1
Home_to_Work,2025-03-21 17:30,46.7
Work_to_Gym,2025-03-21 17:30,47.95
Home_to_Gym,2025-03-21 17:30,6.25
Work_to_Home,2025-03-21 17:30,45.95
Gym_to_Home,2025-03-21 17:30,8.75
Home_to_Work,2025-03-21 17:45,45.8
Work_to_Gym,2025-03-21 17:45,46.833333333333336
Home_to_Gym,2025-03-21 17:45,5.983333333333333
Work_to_Home,2025-03-21 17:45,45.21666666666667
Gym_to_Home,2025-03-21 17:45,8.5
Home_to_Work,2025-03-21 18:00,45.266666666666666
Work_to_Gym,2025-03-21 18:00,46.18333333333333
Home_to_Gym,2025-03-21 18:00,5.866666666666666
Work_to_Home,2025-03-21 18:00,44.95
Gym_to_Home,2025-03-21 18:00,8.383333333333333
Home_to_Work,2025-03-21 18:15,45.25
Work_to_Gym,2025-03-21 18:15,45.96666666666667
Home_to_Gym,2025-03-21 18:15,5.8
Work_to_Home,2025-03-21 18:15,44.91666666666666
Gym_to_Home,2025-03-21 18:15,8.266666666666667
Home_to_Work,2025-03-21 18:30,45.23333333333333
Work_to_Gym,2025-03-21 18:30,45.95
Home_to_Gym,2025-03-21 18:30,5.766666666666667
Work_to_Home,2025-03-21 18:30,44.91666666666666
Gym_to_Home,2025-03-21 18:30,8.25
Home_to_Work,2025-03-21 18:45,45.23333333333333
Work_to_Gym,2025-03-21 18:45,45.95
Home_to_Gym,2025-03-21 18:45,5.766666666666667
Work_to_Home,2025-03-21 18:45,44.91666666666666
Gym_to_Home,2025-03-21 18:45,8.233333333333333
Home_to_Work,2025-03-21 19:00,45.23333333333333
Work_to_Gym,2025-03-21 19:00,45.95
Home_to_Gym,2025-03-21 19:00,5.766666666666667
Work_to_Home,2025-03-21 19:00,44.91666666666666
Gym_to_Home,2025-03-21 19:00,8.233333333333333
Home_to_Work,2025-03-21 19:15,45.23333333333333
Work_to_Gym,2025-03-21 19:15,45.95
Home_to_Gym,2025-03-21 19:15,5.766666666666667
Work_to_Home,2025-03-21 19:15,44.91666666666666
Gym_to_Home,2025-03-21 19:15,8.233333333333333
Home_to_Work,2025-03-21 19:30,45.25
Work_to_Gym,2025-03-21 19:30,45.96666666666667
Home_to_Gym,2025-03-21 19:30,5.766666666666667
Work_to_Home,2025-03-21 19:30,44.91666666666666
Gym_to_Home,2025-03-21 19:30,8.233333333333333
Home_to_Work,2025-03-21 19:45,45.25
Work_to_Gym,2025-03-21 19:45,45.98333333333333
Home_to_Gym,2025-03-21 19:45,5.766666666666667
Work_to_Home,2025-03-21 19:45,44.95
Gym_to_Home,2025-03-21 19:45,8.233333333333333
Home_to_Work,2025-03-21 20:00,45.25
Work_to_Gym,2025-03-21 20:00,45.98333333333333
Home_to_Gym,2025-03-21 20:00,5.783333333333333
Work_to_Home,2025-03-21 20:00,44.93333333333333
Gym_to_Home,2025-03-21 20:00,8.233333333333333
Home_to_Work,2025-03-21 20:15,45.25
Work_to_Gym,2025-03-21 20:15,45.98333333333333
Home_to_Gym,2025-03-21 20:15,5.8
Work_to_Home,2025-03-21 20:15,44.93333333333333
Gym_to_Home,2025-03-21 20:15,8.25
Home_to_Work,2025-03-21 20:30,45.28333333333333
Work_to_Gym,2025-03-21 20:30,46.0
Home_to_Gym,2025-03-21 20:30,5.783333333333333
Work_to_Home,2025-03-21 20:30,44.96666666666667
Gym_to_Home,2025-03-21 20:30,8.25
Home_to_Work,2025-03-21 20:45,45.28333333333333
Work_to_Gym,2025-03-21 20:45,46.016666666666666
Home_to_Gym,2025-03-21 20:45,5.783333333333333
Work_to_Home,2025-03-21 20:45,44.96666666666667
Gym_to_Home,2025-03-21 20:45,8.25
Home_to_Work,2025-03-21 21:00,45.28333333333333
Work_to_Gym,2025-03-21 21:00,46.016666666666666
Home_to_Gym,2025-03-21 21:00,5.783333333333333
Work_to_Home,2025-03-21 21:00,44.98333333333333
Gym_to_Home,2025-03-21 21:00,8.25
Home_to_Work,2025-03-21 21:15,45.28333333333333
Work_to_Gym,2025-03-21 21:15,46.016666666666666
Home_to_Gym,2025-03-21 21:15,5.783333333333333
Work_to_Home,2025-03-21 21:15,44.98333333333333
Gym_to_Home,2025-03-21 21:15,8.25
Home_to_Work,2025-03-21 21:30,45.3
Work_to_Gym,2025-03-21 21:30,46.016666666666666
Home_to_Gym,2025-03-21 21:30,5.783333333333333
Work_to_Home,2025-03-21 21:30,44.98333333333333
Gym_to_Home,2025-03-21 21:30,8.25
Home_to_Work,2025-03-21 21:45,45.31666666666667
Work_to_Gym,2025-03-21 21:45,46.016666666666666
Home_to_Gym,2025-03-21 21:45,5.783333333333333
Work_to_Home,2025-03-21 21:45,45.05
Gym_to_Home,2025-03-21 21:45,8.25
Home_to_Work,2025-03-22 06:00,54.083333333333336
Work_to_Gym,2025-03-22 06:00,60.66666666666666
Home_to_Gym,2025-03-22 06:00,7.333333333333333
Work_to_Home,2025-03-22 06:00,53.2
Gym_to_Home,2025-03-22 06:00,10.3
Home_to_Work,2025-03-22 06:15,54.06666666666667
Work_to_Gym,2025-03-22 06:15,60.8
Home_to_Gym,2025-03-22 06:15,7.333333333333333
Work_to_Home,2025-03-22 06:15,53.21666666666667
Gym_to_Home,2025-03-22 06:15,10.316666666666666
Home_to_Work,2025-03-22 06:30,54.083333333333336
Work_to_Gym,2025-03-22 06:30,60.93333333333333
Home_to_Gym,2025-03-22 06:30,7.35
Work_to_Home,2025-03-22 06:30,53.21666666666667
Gym_to_Home,2025-03-22 06:30,10.316666666666666
Home_to_Work,2025-03-22 06:45,54.11666666666667
Work_to_Gym,2025-03-22 06:45,61.016666666666666
Home_to_Gym,2025-03-22 06:45,7.35
Work_to_Home,2025-03-22 06:45,53.23333333333333
Gym_to_Home,2025-03-22 06:45,10.316666666666666
Home_to_Work,2025-03-22 07:00,54.15
Work_to_Gym,2025-03-22 07:00,61.18333333333333
Home_to_Gym,2025-03-22 07:00,7.35
Work_to_Home,2025-03-22 07:00,53.23333333333333
Gym_to_Home,2025-03-22 07:00,10.333333333333334
Home_to_Work,2025-03-22 07:15,54.16666666666666
Work_to_Gym,2025-03-22 07:15,61.25
Home_to_Gym,2025-03-22 07:15,7.366666666666666
Work_to_Home,2025-03-22 07:15,53.21666666666667
Gym_to_Home,2025-03-22 07:15,10.333333333333334
Home_to_Work,2025-03-22 07:30,54.16666666666666
Work_to_Gym,2025-03-22 07:30,61.38333333333333
Home_to_Gym,2025-03-22 07:30,7.366666666666666
Work_to_Home,2025-03-22 07:30,53.23333333333333
Gym_to_Home,2025-03-22 07:30,10.333333333333334
Home_to_Work,2025-03-22 07:45,54.21666666666667
Work_to_Gym,2025-03-22 07:45,61.46666666666667
Home_to_Gym,2025-03-22 07:45,7.366666666666666
Work_to_Home,2025-03-22 07:45,53.21666666666667
Gym_to_Home,2025-03-22 07:45,10.333333333333334
Home_to_Work,2025-03-22 08:00,54.25
Work_to_Gym,2025-03-22 08:00,61.6
Home_to_Gym,2025-03-22 08:00,7.366666666666666
Work_to_Home,2025-03-22 08:00,53.21666666666667
Gym_to_Home,2025-03-22 08:00,10.333333333333334
Home_to_Work,2025-03-22 08:15,54.266666666666666
Work_to_Gym,2025-03-22 08:15,61.81666666666667
Home_to_Gym,2025-03-22 08:15,7.366666666666666
Work_to_Home,2025-03-22 08:15,53.23333333333333
Gym_to_Home,2025-03-22 08:15,10.35
Home_to_Work,2025-03-22 08:30,54.25
Work_to_Gym,2025-03-22 08:30,61.833333333333336
Home_to_Gym,2025-03-22 08:30,7.366666666666666
Work_to_Home,2025-03-22 08:30,53.23333333333333
Gym_to_Home,2025-03-22 08:30,10.366666666666667
Home_to_Work,2025-03-22 08:45,54.2
Work_to_Gym,2025-03-22 08:45,62.0
Home_to_Gym,2025-03-22 08:45,7.366666666666666
Work_to_Home,2025-03-22 08:45,53.21666666666667
Gym_to_Home,2025-03-22 08:45,10.366666666666667
Home_to_Work,2025-03-22 09:00,54.18333333333333
Work_to_Gym,2025-03-22 09:00,62.13333333333333
Home_to_Gym,2025-03-22 09:00,7.366666666666666
Work_to_Home,2025-03-22 09:00,53.2
Gym_to_Home,2025-03-22 09:00,10.366666666666667
Home_to_Work,2025-03-22 09:15,54.23333333333333
Work_to_Gym,2025-03-22 09:15,62.18333333333333
Home_to_Gym,2025-03-22 09:15,7.35
Work_to_Home,2025-03-22 09:15,53.18333333333333
Gym_to_Home,2025-03-22 09:15,10.383333333333333
Home_to_Work,2025-03-22 09:30,54.21666666666667
Work_to_Gym,2025-03-22 09:30,62.28333333333333
Home_to_Gym,2025-03-22 09:30,7.333333333333333
Work_to_Home,2025-03-22 09:30,53.13333333333333
Gym_to_Home,2025-03-22 09:30,10.366666666666667
Home_to_Work,2025-03-22 09:45,54.2
Work_to_Gym,2025-03-22 09:45,62.23333333333333
Home_to_Gym,2025-03-22 09:45,7.316666666666666
Work_to_Home,2025-03-22 09:45,53.13333333333333
Gym_to_Home,2025-03-22 09:45,10.35
Home_to_Work,2025-03-22 10:00,54.2
Work_to_Gym,2025-03-22 10:00,62.25
Home_to_Gym,2025-03-22 10:00,7.316666666666666
Work_to_Home,2025-03-22 10:00,53.15
Gym_to_Home,2025-03-22 10:00,10.333333333333334
Home_to_Work,2025-03-22 10:15,54.266666666666666
Work_to_Gym,2025-03-22 10:15,62.18333333333333
Home_to_Gym,2025-03-22 10:15,7.316666666666666
Work_to_Home,2025-03-22 10:15,53.15
Gym_to_Home,2025-03-22 10:15,10.316666666666666
Home_to_Work,2025-03-22 10:30,54.25
Work_to_Gym,2025-03-22 10:30,62.21666666666667
Home_to_Gym,2025-03-22 10:30,7.316666666666666
Work_to_Home,2025-03-22 10:30,53.16666666666666
Gym_to_Home,2025-03-22 10:30,10.316666666666666
Home_to_Work,2025-03-22 10:45,54.266666666666666
Work_to_Gym,2025-03-22 10:45,62.25
Home_to_Gym,2025-03-22 10:45,7.316666666666666
Work_to_Home,2025-03-22 10:45,53.13333333333333
Gym_to_Home,2025-03-22 10:45,10.333333333333334
Home_to_Work,2025-03-22 11:00,54.28333333333333
Work_to_Gym,2025-03-22 11:00,62.266666666666666
Home_to_Gym,2025-03-22 11:00,7.333333333333333
Work_to_Home,2025-03-22 11:00,53.13333333333333
Gym_to_Home,2025-03-22 11:00,10.333333333333334
Home_to_Work,2025-03-22 11:15,54.28333333333333
Work_to_Gym,2025-03-22 11:15,62.46666666666667
Home_to_Gym,2025-03-22 11:15,7.333333333333333
Work_to_Home,2025-03-22 11:15,53.11666666666667
Gym_to_Home,2025-03-22 11:15,10.3
Home_to_Work,2025-03-22 11:30,54.266666666666666
Work_to_Gym,2025-03-22 11:30,62.43333333333333
Home_to_Gym,2025-03-22 11:30,7.333333333333333
Work_to_Home,2025-03-22 11:30,53.11666666666667
Gym_to_Home,2025-03-22 11:30,10.3
Home_to_Work,2025-03-22 11:45,54.2
Work_to_Gym,2025-03-22 11:45,62.6
Home_to_Gym,2025-03-22 11:45,7.333333333333333
Work_to_Home,2025-03-22 11:45,53.1
Gym_to_Home,2025-03-22 11:45,10.3
Home_to_Work,2025-03-22 12:00,54.1
Work_to_Gym,2025-03-22 12:00,62.63333333333333
Home_to_Gym,2025-03-22 12:00,7.316666666666666
Work_to_Home,2025-03-22 12:00,53.11666666666667
Gym_to_Home,2025-03-22 12:00,10.316666666666666
Home_to_Work,2025-03-22 12:15,54.03333333333333
Work_to_Gym,2025-03-22 12:15,62.53333333333333
Home_to_Gym,2025-03-22 12:15,7.316666666666666
Work_to_Home,2025-03-22 12:15,53.0
Gym_to_Home,2025-03-22 12:15,10.316666666666666
Home_to_Work,2025-03-22 12:30,53.91666666666666
Work_to_Gym,2025-03-22 12:30,62.45
Home_to_Gym,2025-03-22 12:30,7.316666666666666
Work_to_Home,2025-03-22 12:30,52.93333333333333
Gym_to_Home,2025-03-22 12:30,10.3
Home_to_Work,2025-03-22 12:45,53.86666666666667
Work_to_Gym,2025-03-22 12:45,62.41666666666666
Home_to_Gym,2025-03-22 12:45,7.316666666666666
Work_to_Home,2025-03-22 12:45,52.833333333333336
Gym_to_Home,2025-03-22 12:45,10.283333333333331
Home_to_Work,2025-03-22 13:00,53.73333333333333
Work_to_Gym,2025-03-22 13:00,62.18333333333333
Home_to_Gym,2025-03-22 13:00,7.316666666666666
Work_to_Home,2025-03-22 13:00,52.7
Gym_to_Home,2025-03-22 13:00,10.266666666666667
Home_to_Work,2025-03-22 13:15,53.53333333333333
Work_to_Gym,2025-03-22 13:15,62.016666666666666
Home_to_Gym,2025-03-22 13:15,7.3
Work_to_Home,2025-03-22 13:15,52.55
Gym_to_Home,2025-03-22 13:15,10.216666666666669
Home_to_Work,2025-03-22 13:30,53.28333333333333
Work_to_Gym,2025-03-22 13:30,61.68333333333333
Home_to_Gym,2025-03-22 13:30,7.333333333333333
Work_to_Home,2025-03-22 13:30,52.333333333333336
Gym_to_Home,2025-03-22 13:30,10.183333333333334
Home_to_Work,2025-03-22 13:45,52.9
Work_to_Gym,2025-03-22 13:45,61.53333333333333
Home_to_Gym,2025-03-22 13:45,7.333333333333333
Work_to_Home,2025-03-22 13:45,52.266666666666666
Gym_to_Home,2025-03-22 13:45,10.166666666666666
Home_to_Work,2025-03-22 14:00,52.63333333333333
Work_to_Gym,2025-03-22 14:00,61.266666666666666
Home_to_Gym,2025-03-22 14:00,7.333333333333333
Work_to_Home,2025-03-22 14:00,51.9
Gym_to_Home,2025-03-22 14:00,10.133333333333333
Home_to_Work,2025-03-22 14:15,52.266666666666666
Work_to_Gym,2025-03-22 14:15,60.86666666666667
Home_to_Gym,2025-03-22 14:15,7.35
Work_to_Home,2025-03-22 14:15,51.65
Gym_to_Home,2025-03-22 14:15,10.083333333333334
Home_to_Work,2025-03-22 14:30,52.05
Work_to_Gym,2025-03-22 14:30,60.7
Home_to_Gym,2025-03-22 14:30,7.35
Work_to_Home,2025-03-22 14:30,51.45
Gym_to_Home,2025-03-22 14:30,10.033333333333331
Home_to_Work,2025-03-22 14:45,51.93333333333333
Work_to_Gym,2025-03-22 14:45,60.31666666666667
Home_to_Gym,2025-03-22 14:45,7.366666666666666
Work_to_Home,2025-03-22 14:45,51.41666666666666
Gym_to_Home,2025-03-22 14:45,10.0
Home_to_Work,2025-03-22 15:00,51.88333333333333
Work_to_Gym,2025-03-22 15:00,59.95
Home_to_Gym,2025-03-22 15:00,7.316666666666666
Work_to_Home,2025-03-22 15:00,51.36666666666667
Gym_to_Home,2025-03-22 15:00,10.0
Home_to_Work,2025-03-22 15:15,51.766666666666666
Work_to_Gym,2025-03-22 15:15,59.55
Home_to_Gym,2025-03-22 15:15,7.316666666666666
Work_to_Home,2025-03-22 15:15,51.23333333333333
Gym_to_Home,2025-03-22 15:15,9.966666666666669
Home_to_Work,2025-03-22 15:30,51.53333333333333
Work_to_Gym,2025-03-22 15:30,59.083333333333336
Home_to_Gym,2025-03-22 15:30,7.266666666666667
Work_to_Home,2025-03-22 15:30,51.083333333333336
Gym_to_Home,2025-03-22 15:30,9.933333333333334
Home_to_Work,2025-03-22 15:45,51.36666666666667
Work_to_Gym,2025-03-22 15:45,58.65
Home_to_Gym,2025-03-22 15:45,7.233333333333333
Work_to_Home,2025-03-22 15:45,50.93333333333333
Gym_to_Home,2025-03-22 15:45,9.883333333333333
Home_to_Work,2025-03-22 16:00,51.016666666666666
Work_to_Gym,2025-03-22 16:00,57.91666666666666
Home_to_Gym,2025-03-22 16:00,7.2
Work_to_Home,2025-03-22 16:00,50.53333333333333
Gym_to_Home,2025-03-22 16:00,9.833333333333334
Home_to_Work,2025-03-22 16:15,50.766666666666666
Work_to_Gym,2025-03-22 16:15,57.06666666666667
Home_to_Gym,2025-03-22 16:15,7.15
Work_to_Home,2025-03-22 16:15,50.05
Gym_to_Home,2025-03-22 16:15,9.7
Home_to_Work,2025-03-22 16:30,50.333333333333336
Work_to_Gym,2025-03-22 16:30,55.68333333333333
Home_to_Gym,2025-03-22 16:30,7.05
Work_to_Home,2025-03-22 16:30,49.516666666666666
Gym_to_Home,2025-03-22 16:30,9.633333333333333
Home_to_Work,2025-03-22 16:45,49.78333333333333
Work_to_Gym,2025-03-22 16:45,54.38333333333333
Home_to_Gym,2025-03-22 16:45,6.916666666666667
Work_to_Home,2025-03-22 16:45,48.86666666666667
Gym_to_Home,2025-03-22 16:45,9.566666666666666
Home_to_Work,2025-03-22 17:00,49.333333333333336
Work_to_Gym,2025-03-22 17:00,52.63333333333333
Home_to_Gym,2025-03-22 17:00,6.766666666666667
Work_to_Home,2025-03-22 17:00,48.1
Gym_to_Home,2025-03-22 17:00,9.366666666666667
Home_to_Work,2025-03-22 17:15,48.516666666666666
Work_to_Gym,2025-03-22 17:15,50.65
Home_to_Gym,2025-03-22 17:15,6.6
Work_to_Home,2025-03-22 17:15,47.18333333333333
Gym_to_Home,2025-03-22 17:15,9.083333333333334
Home_to_Work,2025-03-22 17:30,47.31666666666667
Work_to_Gym,2025-03-22 17:30,48.88333333333333
Home_to_Gym,2025-03-22 17:30,6.366666666666666
Work_to_Home,2025-03-22 17:30,46.13333333333333
Gym_to_Home,2025-03-22 17:30,8.816666666666666
Home_to_Work,2025-03-22 17:45,45.95
Work_to_Gym,2025-03-22 17:45,47.5
Home_to_Gym,2025-03-22 17:45,6.166666666666667
Work_to_Home,2025-03-22 17:45,45.43333333333333
Gym_to_Home,2025-03-22 17:45,8.616666666666667
Home_to_Work,2025-03-22 18:00,45.36666666666667
Work_to_Gym,2025-03-22 18:00,46.63333333333333
Home_to_Gym,2025-03-22 18:00,5.95
Work_to_Home,2025-03-22 18:00,45.11666666666667
Gym_to_Home,2025-03-22 18:00,8.45
Home_to_Work,2025-03-22 18:15,45.25
Work_to_Gym,2025-03-22 18:15,46.0
Home_to_Gym,2025-03-22 18:15,5.883333333333334
Work_to_Home,2025-03-22 18:15,44.9
Gym_to_Home,2025-03-22 18:15,8.35
Home_to_Work,2025-03-22 18:30,45.23333333333333
Work_to_Gym,2025-03-22 18:30,45.95
Home_to_Gym,2025-03-22 18:30,5.75
Work_to_Home,2025-03-22 18:30,44.9
Gym_to_Home,2025-03-22 18:30,8.233333333333333
Home_to_Work,2025-03-22 18:45,45.23333333333333
Work_to_Gym,2025-03-22 18:45,45.95
Home_to_Gym,2025-03-22 18:45,5.75
Work_to_Home,2025-03-22 18:45,44.96666666666667
Gym_to_Home,2025-03-22 18:45,8.233333333333333
Home_to_Work,2025-03-22 19:00,45.23333333333333
Work_to_Gym,2025-03-22 19:00,45.95
Home_to_Gym,2025-03-22 19:00,5.75
Work_to_Home,2025-03-22 19:00,45.0
Gym_to_Home,2025-03-22 19:00,8.233333333333333
Home_to_Work,2025-03-22 19:15,45.25
Work_to_Gym,2025-03-22 19:15,45.96666666666667
Home_to_Gym,2025-03-22 19:15,5.75
Work_to_Home,2025-03-22 19:15,45.05
Gym_to_Home,2025-03-22 19:15,8.233333333333333
Home_to_Work,2025-03-22 19:30,45.25
Work_to_Gym,2025-03-22 19:30,45.98333333333333
Home_to_Gym,2025-03-22 19:30,5.783333333333333
Work_to_Home,2025-03-22 19:30,45.1
Gym_to_Home,2025-03-22 19:30,8.233333333333333
Home_to_Work,2025-03-22 19:45,45.266666666666666
Work_to_Gym,2025-03-22 19:45,45.98333333333333
Home_to_Gym,2025-03-22 19:45,5.783333333333333
Work_to_Home,2025-03-22 19:45,45.13333333333333
Gym_to_Home,2025-03-22 19:45,8.233333333333333
Home_to_Work,2025-03-22 20:00,45.28333333333333
Work_to_Gym,2025-03-22 20:00,46.0
Home_to_Gym,2025-03-22 20:00,5.783333333333333
Work_to_Home,2025-03-22 20:00,45.16666666666666
Gym_to_Home,2025-03-22 20:00,8.25
Home_to_Work,2025-03-22 20:15,45.31666666666667
Work_to_Gym,2025-03-22 20:15,46.016666666666666
Home_to_Gym,2025-03-22 20:15,5.783333333333333
Work_to_Home,2025-03-22 20:15,45.16666666666666
Gym_to_Home,2025-03-22 20:15,8.266666666666667
Home_to_Work,2025-03-22 20:30,45.36666666666667
Work_to_Gym,2025-03-22 20:30,46.06666666666667
Home_to_Gym,2025-03-22 20:30,5.783333333333333
Work_to_Home,2025-03-22 20:30,45.21666666666667
Gym_to_Home,2025-03-22 20:30,8.266666666666667
Home_to_Work,2025-03-22 20:45,45.36666666666667
Work_to_Gym,2025-03-22 20:45,46.1
Home_to_Gym,2025-03-22 20:45,5.8
Work_to_Home,2025-03-22 20:45,45.21666666666667
Gym_to_Home,2025-03-22 20:45,8.266666666666667
Home_to_Work,2025-03-22 21:00,45.41666666666666
Work_to_Gym,2025-03-22 21:00,46.13333333333333
Home_to_Gym,2025-03-22 21:00,5.816666666666666
Work_to_Home,2025-03-22 21:00,45.23333333333333
Gym_to_Home,2025-03-22 21:00,8.266666666666667
Home_to_Work,2025-03-22 21:15,45.41666666666666
Work_to_Gym,2025-03-22 21:15,46.15
Home_to_Gym,2025-03-22 21:15,5.816666666666666
Work_to_Home,2025-03-22 21:15,45.25
Gym_to_Home,2025-03-22 21:15,8.283333333333333
Home_to_Work,2025-03-22 21:30,45.46666666666667
Work_to_Gym,2025-03-22 21:30,46.16666666666666
Home_to_Gym,2025-03-22 21:30,5.833333333333333
Work_to_Home,2025-03-22 21:30,45.28333333333333
Gym_to_Home,2025-03-22 21:30,8.283333333333333
Home_to_Work,2025-03-22 21:45,45.48333333333333
Work_to_Gym,2025-03-22 21:45,46.21666666666667
Home_to_Gym,2025-03-22 21:45,5.85
Work_to_Home,2025-03-22 21:45,45.3
Gym_to_Home,2025-03-22 21:45,8.283333333333333
Home_to_Work,2025-03-23 06:00,53.8
Work_to_Gym,2025-03-23 06:00,58.35
Home_to_Gym,2025-03-23 06:00,7.266666666666667
Work_to_Home,2025-03-23 06:00,53.21666666666667
Gym_to_Home,2025-03-23 06:00,10.1
Home_to_Work,2025-03-23 06:15,53.766666666666666
Work_to_Gym,2025-03-23 06:15,58.56666666666667
Home_to_Gym,2025-03-23 06:15,7.266666666666667
Work_to_Home,2025-03-23 06:15,53.25
Gym_to_Home,2025-03-23 06:15,10.083333333333334
Home_to_Work,2025-03-23 06:30,53.71666666666667
Work_to_Gym,2025-03-23 06:30,58.73333333333333
Home_to_Gym,2025-03-23 06:30,7.266666666666667
Work_to_Home,2025-03-23 06:30,53.25
Gym_to_Home,2025-03-23 06:30,10.083333333333334
Home_to_Work,2025-03-23 06:45,53.7
Work_to_Gym,2025-03-23 06:45,58.86666666666667
Home_to_Gym,2025-03-23 06:45,7.266666666666667
Work_to_Home,2025-03-23 06:45,53.16666666666666
Gym_to_Home,2025-03-23 06:45,10.083333333333334
Home_to_Work,2025-03-23 07:00,53.71666666666667
Work_to_Gym,2025-03-23 07:00,58.95
Home_to_Gym,2025-03-23 07:00,7.25
Work_to_Home,2025-03-23 07:00,53.1
Gym_to_Home,2025-03-23 07:00,10.116666666666667
Home_to_Work,2025-03-23 07:15,53.71666666666667
Work_to_Gym,2025-03-23 07:15,59.05
Home_to_Gym,2025-03-23 07:15,7.266666666666667
Work_to_Home,2025-03-23 07:15,53.1
Gym_to_Home,2025-03-23 07:15,10.116666666666667
Home_to_Work,2025-03-23 07:30,53.61666666666667
Work_to_Gym,2025-03-23 07:30,59.18333333333333
Home_to_Gym,2025-03-23 07:30,7.266666666666667
Work_to_Home,2025-03-23 07:30,53.1
Gym_to_Home,2025-03-23 07:30,10.116666666666667
Home_to_Work,2025-03-23 07:45,53.61666666666667
Work_to_Gym,2025-03-23 07:45,59.266666666666666
Home_to_Gym,2025-03-23 07:45,7.266666666666667
Work_to_Home,2025-03-23 07:45,53.13333333333333
Gym_to_Home,2025-03-23 07:45,10.116666666666667
Home_to_Work,2025-03-23 08:00,53.55
Work_to_Gym,2025-03-23 08:00,59.36666666666667
Home_to_Gym,2025-03-23 08:00,7.283333333333333
Work_to_Home,2025-03-23 08:00,53.11666666666667
Gym_to_Home,2025-03-23 08:00,10.133333333333333
Home_to_Work,2025-03-23 08:15,53.53333333333333
Work_to_Gym,2025-03-23 08:15,59.45
Home_to_Gym,2025-03-23 08:15,7.283333333333333
Work_to_Home,2025-03-23 08:15,53.083333333333336
Gym_to_Home,2025-03-23 08:15,10.15
Home_to_Work,2025-03-23 08:30,53.48333333333333
Work_to_Gym,2025-03-23 08:30,59.6
Home_to_Gym,2025-03-23 08:30,7.283333333333333
Work_to_Home,2025-03-23 08:30,53.06666666666667
Gym_to_Home,2025-03-23 08:30,10.183333333333334
Home_to_Work,2025-03-23 08:45,53.46666666666667
Work_to_Gym,2025-03-23 08:45,59.73333333333333
Home_to_Gym,2025-03-23 08:45,7.266666666666667
Work_to_Home,2025-03-23 08:45,53.13333333333333
Gym_to_Home,2025-03-23 08:45,10.15
Home_to_Work,2025-03-23 09:00,53.53333333333333
Work_to_Gym,2025-03-23 09:00,59.75
Home_to_Gym,2025-03-23 09:00,7.266666666666667
Work_to_Home,2025-03-23 09:00,53.13333333333333
Gym_to_Home,2025-03-23 09:00,10.166666666666666
Home_to_Work,2025-03-23 09:15,53.48333333333333
Work_to_Gym,2025-03-23 09:15,59.73333333333333
Home_to_Gym,2025-03-23 09:15,7.266666666666667
Work_to_Home,2025-03-23 09:15,53.03333333333333
Gym_to_Home,2025-03-23 09:15,10.15
Home_to_Work,2025-03-23 09:30,53.5
Work_to_Gym,2025-03-23 09:30,59.766666666666666
Home_to_Gym,2025-03-23 09:30,7.25
Work_to_Home,2025-03-23 09:30,53.0
Gym_to_Home,2025-03-23 09:30,10.15
Home_to_Work,2025-03-23 09:45,53.516666666666666
Work_to_Gym,2025-03-23 09:45,59.78333333333333
Home_to_Gym,2025-03-23 09:45,7.25
Work_to_Home,2025-03-23 09:45,52.98333333333333
Gym_to_Home,2025-03-23 09:45,10.133333333333333
Home_to_Work,2025-03-23 10:00,53.55
Work_to_Gym,2025-03-23 10:00,59.98333333333333
Home_to_Gym,2025-03-23 10:00,7.25
Work_to_Home,2025-03-23 10:00,52.96666666666667
Gym_to_Home,2025-03-23 10:00,10.133333333333333
Home_to_Work,2025-03-23 10:15,53.55
Work_to_Gym,2025-03-23 10:15,60.016666666666666
Home_to_Gym,2025-03-23 10:15,7.2
Work_to_Home,2025-03-23 10:15,52.93333333333333
Gym_to_Home,2025-03-23 10:15,10.133333333333333
Home_to_Work,2025-03-23 10:30,53.56666666666667
Work_to_Gym,2025-03-23 10:30,60.06666666666667
Home_to_Gym,2025-03-23 10:30,7.233333333333333
Work_to_Home,2025-03-23 10:30,52.95
Gym_to_Home,2025-03-23 10:30,10.15
Home_to_Work,2025-03-23 10:45,53.516666666666666
Work_to_Gym,2025-03-23 10:45,60.13333333333333
Home_to_Gym,2025-03-23 10:45,7.233333333333333
Work_to_Home,2025-03-23 10:45,52.95
Gym_to_Home,2025-03-23 10:45,10.133333333333333
Home_to_Work,2025-03-23 11:00,53.36666666666667
Work_to_Gym,2025-03-23 11:00,60.11666666666667
Home_to_Gym,2025-03-23 11:00,7.233333333333333
Work_to_Home,2025-03-23 11:00,52.95
Gym_to_Home,2025-03-23 11:00,10.133333333333333
Home_to_Work,2025-03-23 11:15,53.36666666666667
Work_to_Gym,2025-03-23 11:15,60.2
Home_to_Gym,2025-03-23 11:15,7.233333333333333
Work_to_Home,2025-03-23 11:15,52.95
Gym_to_Home,2025-03-23 11:15,10.116666666666667
Home_to_Work,2025-03-23 11:30,53.41666666666666
Work_to_Gym,2025-03-23 11:30,60.2
Home_to_Gym,2025-03-23 11:30,7.233333333333333
Work_to_Home,2025-03-23 11:30,52.96666666666667
Gym_to_Home,2025-03-23 11:30,10.116666666666667
Home_to_Work,2025-03-23 11:45,53.45
Work_to_Gym,2025-03-23 11:45,60.18333333333333
Home_to_Gym,2025-03-23 11:45,7.233333333333333
Work_to_Home,2025-03-23 11:45,52.88333333333333
Gym_to_Home,2025-03-23 11:45,10.116666666666667
Home_to_Work,2025-03-23 12:00,53.41666666666666
Work_to_Gym,2025-03-23 12:00,60.25
Home_to_Gym,2025-03-23 12:00,7.216666666666667
Work_to_Home,2025-03-23 12:00,52.9
Gym_to_Home,2025-03-23 12:00,10.116666666666667
Home_to_Work,2025-03-23 12:15,53.18333333333333
Work_to_Gym,2025-03-23 12:15,60.06666666666667
Home_to_Gym,2025-03-23 12:15,7.2
Work_to_Home,2025-03-23 12:15,52.833333333333336
Gym_to_Home,2025-03-23 12:15,10.1
Home_to_Work,2025-03-23 12:30,53.1
Work_to_Gym,2025-03-23 12:30,59.91666666666666
Home_to_Gym,2025-03-23 12:30,7.2
Work_to_Home,2025-03-23 12:30,52.78333333333333
Gym_to_Home,2025-03-23 12:30,10.066666666666666
Home_to_Work,2025-03-23 12:45,52.91666666666666
Work_to_Gym,2025-03-23 12:45,59.85
Home_to_Gym,2025-03-23 12:45,7.2
Work_to_Home,2025-03-23 12:45,52.68333333333333
Gym_to_Home,2025-03-23 12:45,10.033333333333331
Home_to_Work,2025-03-23 13:00,52.66666666666666
Work_to_Gym,2025-03-23 13:00,59.61666666666667
Home_to_Gym,2025-03-23 13:00,7.2
Work_to_Home,2025-03-23 13:00,52.43333333333333
Gym_to_Home,2025-03-23 13:00,10.016666666666667
Home_to_Work,2025-03-23 13:15,52.56666666666667
Work_to_Gym,2025-03-23 13:15,59.4
Home_to_Gym,2025-03-23 13:15,7.2
Work_to_Home,2025-03-23 13:15,52.21666666666667
Gym_to_Home,2025-03-23 13:15,10.016666666666667
Home_to_Work,2025-03-23 13:30,52.38333333333333
Work_to_Gym,2025-03-23 13:30,59.266666666666666
Home_to_Gym,2025-03-23 13:30,7.2
Work_to_Home,2025-03-23 13:30,51.95
Gym_to_Home,2025-03-23 13:30,10.0
Home_to_Work,2025-03-23 13:45,52.15
Work_to_Gym,2025-03-23 13:45,59.03333333333333
Home_to_Gym,2025-03-23 13:45,7.183333333333334
Work_to_Home,2025-03-23 13:45,51.71666666666667
Gym_to_Home,2025-03-23 13:45,9.983333333333333
Home_to_Work,2025-03-23 14:00,51.96666666666667
Work_to_Gym,2025-03-23 14:00,58.833333333333336
Home_to_Gym,2025-03-23 14:00,7.183333333333334
Work_to_Home,2025-03-23 14:00,51.46666666666667
Gym_to_Home,2025-03-23 14:00,9.9
Home_to_Work,2025-03-23 14:15,51.56666666666667
Work_to_Gym,2025-03-23 14:15,58.65
Home_to_Gym,2025-03-23 14:15,7.166666666666667
Work_to_Home,2025-03-23 14:15,51.333333333333336
Gym_to_Home,2025-03-23 14:15,9.883333333333333
Home_to_Work,2025-03-23 14:30,51.35
Work_to_Gym,2025-03-23 14:30,58.43333333333333
Home_to_Gym,2025-03-23 14:30,7.166666666666667
Work_to_Home,2025-03-23 14:30,51.266666666666666
Gym_to_Home,2025-03-23 14:30,9.833333333333334
Home_to_Work,2025-03-23 14:45,51.28333333333333
Work_to_Gym,2025-03-23 14:45,58.3
Home_to_Gym,2025-03-23 14:45,7.166666666666667
Work_to_Home,2025-03-23 14:45,51.18333333333333
Gym_to_Home,2025-03-23 14:45,9.833333333333334
Home_to_Work,2025-03-23 15:00,51.11666666666667
Work_to_Gym,2025-03-23 15:00,58.11666666666667
Home_to_Gym,2025-03-23 15:00,7.166666666666667
Work_to_Home,2025-03-23 15:00,51.1
Gym_to_Home,2025-03-23 15:00,9.833333333333334
Home_to_Work,2025-03-23 15:15,51.05
Work_to_Gym,2025-03-23 15:15,57.91666666666666
Home_to_Gym,2025-03-23 15:15,7.166666666666667
Work_to_Home,2025-03-23 15:15,51.083333333333336
Gym_to_Home,2025-03-23 15:15,9.833333333333334
Home_to_Work,2025-03-23 15:30,50.9
Work_to_Gym,2025-03-23 15:30,57.65
Home_to_Gym,2025-03-23 15:30,7.15
Work_to_Home,2025-03-23 15:30,51.016666666666666
Gym_to_Home,2025-03-23 15:30,9.8
Home_to_Work,2025-03-23 15:45,50.73333333333333
Work_to_Gym,2025-03-23 15:45,57.38333333333333
Home_to_Gym,2025-03-23 15:45,7.15
Work_to_Home,2025-03-23 15:45,50.85
Gym_to_Home,2025-03-23 15:45,9.783333333333331
Home_to_Work,2025-03-23 16:00,50.35
Work_to_Gym,2025-03-23 16:00,56.8
Home_to_Gym,2025-03-23 16:00,7.15
Work_to_Home,2025-03-23 16:00,50.56666666666667
Gym_to_Home,2025-03-23 16:00,9.733333333333333
Home_to_Work,2025-03-23 16:15,50.016666666666666
Work_to_Gym,2025-03-23 16:15,56.1
Home_to_Gym,2025-03-23 16:15,7.1
Work_to_Home,2025-03-23 16:15,50.333333333333336
Gym_to_Home,2025-03-23 16:15,9.7
Home_to_Work,2025-03-23 16:30,49.68333333333333
Work_to_Gym,2025-03-23 16:30,54.766666666666666
Home_to_Gym,2025-03-23 16:30,7.083333333333333
Work_to_Home,2025-03-23 16:30,49.8
Gym_to_Home,2025-03-23 16:30,9.633333333333333
Home_to_Work,2025-03-23 16:45,49.16666666666666
Work_to_Gym,2025-03-23 16:45,53.13333333333333
Home_to_Gym,2025-03-23 16:45,6.916666666666667
Work_to_Home,2025-03-23 16:45,49.15
Gym_to_Home,2025-03-23 16:45,9.483333333333333
Home_to_Work,2025-03-23 17:00,48.68333333333333
Work_to_Gym,2025-03-23 17:00,51.5
Home_to_Gym,2025-03-23 17:00,6.75
Work_to_Home,2025-03-23 17:00,48.23333333333333
Gym_to_Home,2025-03-23 17:00,9.266666666666667
Home_to_Work,2025-03-23 17:15,47.86666666666667
Work_to_Gym,2025-03-23 17:15,49.43333333333333
Home_to_Gym,2025-03-23 17:15,6.516666666666667
Work_to_Home,2025-03-23 17:15,47.03333333333333
Gym_to_Home,2025-03-23 17:15,9.0
Home_to_Work,2025-03-23 17:30,46.96666666666667
Work_to_Gym,2025-03-23 17:30,47.766666666666666
Home_to_Gym,2025-03-23 17:30,6.3
Work_to_Home,2025-03-23 17:30,45.91666666666666
Gym_to_Home,2025-03-23 17:30,8.7
Home_to_Work,2025-03-23 17:45,46.0
Work_to_Gym,2025-03-23 17:45,46.88333333333333
Home_to_Gym,2025-03-23 17:45,6.033333333333333
Work_to_Home,2025-03-23 17:45,45.16666666666666
Gym_to_Home,2025-03-23 17:45,8.516666666666667
Home_to_Work,2025-03-23 18:00,45.45
Work_to_Gym,2025-03-23 18:00,46.15
Home_to_Gym,2025-03-23 18:00,5.9
Work_to_Home,2025-03-23 18:00,45.0
Gym_to_Home,2025-03-23 18:00,8.4
Home_to_Work,2025-03-23 18:15,45.333333333333336
Work_to_Gym,2025-03-23 18:15,46.03333333333333
Home_to_Gym,2025-03-23 18:15,5.766666666666667
Work_to_Home,2025-03-23 18:15,44.91666666666666
Gym_to_Home,2025-03-23 18:15,8.316666666666666
Home_to_Work,2025-03-23 18:30,45.31666666666667
Work_to_Gym,2025-03-23 18:30,46.016666666666666
Home_to_Gym,2025-03-23 18:30,5.75
Work_to_Home,2025-03-23 18:30,44.91666666666666
Gym_to_Home,2025-03-23 18:30,8.283333333333333
Home_to_Work,2025-03-23 18:45,45.31666666666667
Work_to_Gym,2025-03-23 18:45,46.016666666666666
Home_to_Gym,2025-03-23 18:45,5.75
Work_to_Home,2025-03-23 18:45,44.95
Gym_to_Home,2025-03-23 18:45,8.266666666666667
Home_to_Work,2025-03-23 19:00,45.31666666666667
Work_to_Gym,2025-03-23 19:00,46.016666666666666
Home_to_Gym,2025-03-23 19:00,5.75
Work_to_Home,2025-03-23 19:00,44.95
Gym_to_Home,2025-03-23 19:00,8.266666666666667
Home_to_Work,2025-03-23 19:15,45.3
Work_to_Gym,2025-03-23 19:15,46.016666666666666
Home_to_Gym,2025-03-23 19:15,5.766666666666667
Work_to_Home,2025-03-23 19:15,44.96666666666667
Gym_to_Home,2025-03-23 19:15,8.283333333333333
Home_to_Work,2025-03-23 19:30,45.3
Work_to_Gym,2025-03-23 19:30,46.016666666666666
Home_to_Gym,2025-03-23 19:30,5.766666666666667
Work_to_Home,2025-03-23 19:30,45.016666666666666
Gym_to_Home,2025-03-23 19:30,8.283333333333333
Home_to_Work,2025-03-23 19:45,45.31666666666667
Work_to_Gym,2025-03-23 19:45,46.03333333333333
Home_to_Gym,2025-03-23 19:45,5.766666666666667
Work_to_Home,2025-03-23 19:45,45.016666666666666
Gym_to_Home,2025-03-23 19:45,8.283333333333333
Home_to_Work,2025-03-23 20:00,45.31666666666667
Work_to_Gym,2025-03-23 20:00,46.05
Home_to_Gym,2025-03-23 20:00,5.766666666666667
Work_to_Home,2025-03-23 20:00,45.016666666666666
Gym_to_Home,2025-03-23 20:00,8.316666666666666
Home_to_Work,2025-03-23 20:15,45.31666666666667
Work_to_Gym,2025-03-23 20:15,46.1
Home_to_Gym,2025-03-23 20:15,5.766666666666667
Work_to_Home,2025-03-23 20:15,45.016666666666666
Gym_to_Home,2025-03-23 20:15,8.316666666666666
Home_to_Work,2025-03-23 20:30,45.3
Work_to_Gym,2025-03-23 20:30,46.1
Home_to_Gym,2025-03-23 20:30,5.8
Work_to_Home,2025-03-23 20:30,45.05
Gym_to_Home,2025-03-23 20:30,8.3
Home_to_Work,2025-03-23 20:45,45.31666666666667
Work_to_Gym,2025-03-23 20:45,46.11666666666667
Home_to_Gym,2025-03-23 20:45,5.8
Work_to_Home,2025-03-23 20:45,45.06666666666667
Gym_to_Home,2025-03-23 20:45,8.3
Home_to_Work,2025-03-23 21:00,45.36666666666667
Work_to_Gym,2025-03-23 21:00,46.11666666666667
Home_to_Gym,2025-03-23 21:00,5.8
Work_to_Home,2025-03-23 21:00,45.06666666666667
Gym_to_Home,2025-03-23 21:00,8.316666666666666
Home_to_Work,2025-03-23 21:15,45.38333333333333
Work_to_Gym,2025-03-23 21:15,46.11666666666667
Home_to_Gym,2025-03-23 21:15,5.8
Work_to_Home,2025-03-23 21:15,45.06666666666667
Gym_to_Home,2025-03-23 21:15,8.316666666666666
Home_to_Work,2025-03-23 21:30,45.36666666666667
Work_to_Gym,2025-03-23 21:30,46.15
Home_to_Gym,2025-03-23 21:30,5.8
Work_to_Home,2025-03-23 21:30,45.083333333333336
Gym_to_Home,2025-03-23 21:30,8.316666666666666
Home_to_Work,2025-03-23 21:45,45.36666666666667
Work_to_Gym,2025-03-23 21:45,46.18333333333333
Home_to_Gym,2025-03-23 21:45,5.816666666666666
Work_to_Home,2025-03-23 21:45,45.13333333333333
Gym_to_Home,2025-03-23 21:45,8.333333333333334
